aphiaid,species,name,ecoregion,taxon
126275,Acipenser gueldenstaedtii,Danube sturgeon,Mediterranean and Black Sea,Fish
126276,Acipenser naccarii,Adriatic sturgeon,Mediterranean and Black Sea,Fish
151802,Acipenser oxyrinchus,Atlantic sturgeon,Baltic Sea,Fish
151802,Acipenser oxyrinchus,Atlantic sturgeon,Greater North Sea,Fish
126279,Acipenser sturio,Sturgeon,Celtic Seas,Fish
126279,Acipenser sturio,Sturgeon,Greater North Sea,Fish
126279,Acipenser sturio,Sturgeon,Mediterranean and Black Sea,Fish
137128,Alca torda,Razorbill,Baltic Sea,Birds
137128,Alca torda,Razorbill,Barents Sea,Birds
137128,Alca torda,Razorbill,Bay of Biscay and Iberian Coast,Birds
137128,Alca torda,Razorbill,Celtic Seas,Birds
137128,Alca torda,Razorbill,Faroes,Birds
137128,Alca torda,Razorbill,Greater North Sea,Birds
137128,Alca torda,Razorbill,Greenland Sea,Birds
137128,Alca torda,Razorbill,Icelandic waters,Birds
137128,Alca torda,Razorbill,Norwegian Sea,Birds
137128,Alca torda,Razorbill,Oceanic Northeast Atlantic,Birds
126682,Alepocephalus bairdii,Baird's slickhead,Bay of Biscay and Iberian Coast,Fish
126682,Alepocephalus bairdii,Baird's slickhead,Celtic Seas,Fish
126682,Alepocephalus bairdii,Baird's slickhead,Faroes,Fish
126682,Alepocephalus bairdii,Baird's slickhead,Greenland Sea,Fish
126682,Alepocephalus bairdii,Baird's slickhead,Icelandic waters,Fish
126682,Alepocephalus bairdii,Baird's slickhead,Norwegian Sea,Fish
126682,Alepocephalus bairdii,Baird's slickhead,Oceanic Northeast Atlantic,Fish
137129,Alle alle,Dovekie,Arctic Ocean,Birds
137129,Alle alle,Dovekie,Barents Sea,Birds
137129,Alle alle,Dovekie,Celtic Seas,Birds
137129,Alle alle,Dovekie,Faroes,Birds
137129,Alle alle,Dovekie,Greater North Sea,Birds
137129,Alle alle,Dovekie,Greenland Sea,Birds
137129,Alle alle,Dovekie,Icelandic waters,Birds
137129,Alle alle,Dovekie,Norwegian Sea,Birds
137129,Alle alle,Dovekie,Oceanic Northeast Atlantic,Birds
105835,Alopias superciliosus,Bigeye thresher shark,Azores,Fish
105835,Alopias superciliosus,Bigeye thresher shark,Bay of Biscay and Iberian Coast,Fish
105835,Alopias superciliosus,Bigeye thresher shark,Oceanic Northeast Atlantic,Fish
105836,Alopias vulpinus,Thresher shark,Azores,Fish
105836,Alopias vulpinus,Thresher shark,Bay of Biscay and Iberian Coast,Fish
105836,Alopias vulpinus,Thresher shark,Celtic Seas,Fish
105836,Alopias vulpinus,Thresher shark,Faroes,Fish
105836,Alopias vulpinus,Thresher shark,Greater North Sea,Fish
105836,Alopias vulpinus,Thresher shark,Oceanic Northeast Atlantic,Fish
126413,Alosa alosa,Allis shad,Celtic Seas,Fish
126413,Alosa alosa,Allis shad,Greater North Sea,Fish
105865,Amblyraja radiata,Starry ray,Barents Sea,Fish
105865,Amblyraja radiata,Starry ray,Greenland Sea,Fish
126752,Ammodytes tobianus,Small sandeel,Barents Sea,Fish
126752,Ammodytes tobianus,Small sandeel,Bay of Biscay and Iberian Coast,Fish
126752,Ammodytes tobianus,Small sandeel,Celtic Seas,Fish
126752,Ammodytes tobianus,Small sandeel,Faroes,Fish
126752,Ammodytes tobianus,Small sandeel,Greater North Sea,Fish
126752,Ammodytes tobianus,Small sandeel,Icelandic waters,Fish
126752,Ammodytes tobianus,Small sandeel,Norwegian Sea,Fish
126757,Anarhichas denticulatus,Northern wolffish,Azores,Fish
126757,Anarhichas denticulatus,Northern wolffish,Celtic Seas,Fish
126757,Anarhichas denticulatus,Northern wolffish,Faroes,Fish
126757,Anarhichas denticulatus,Northern wolffish,Greenland Sea,Fish
126757,Anarhichas denticulatus,Northern wolffish,Icelandic waters,Fish
126757,Anarhichas denticulatus,Northern wolffish,Oceanic Northeast Atlantic,Fish
126758,Anarhichas lupus,Atlantic wolffish,Baltic Sea,Fish
126758,Anarhichas lupus,Atlantic wolffish,Celtic Seas,Fish
126758,Anarhichas lupus,Atlantic wolffish,Faroes,Fish
126758,Anarhichas lupus,Atlantic wolffish,Greater North Sea,Fish
126758,Anarhichas lupus,Atlantic wolffish,Greenland Sea,Fish
126758,Anarhichas lupus,Atlantic wolffish,Oceanic Northeast Atlantic,Fish
126281,Anguilla anguilla,European eel,Azores,Fish
126281,Anguilla anguilla,European eel,Baltic Sea,Fish
126281,Anguilla anguilla,European eel,Barents Sea,Fish
126281,Anguilla anguilla,European eel,Bay of Biscay and Iberian Coast,Fish
126281,Anguilla anguilla,European eel,Celtic Seas,Fish
126281,Anguilla anguilla,European eel,Faroes,Fish
126281,Anguilla anguilla,European eel,Greater North Sea,Fish
126281,Anguilla anguilla,European eel,Greenland Sea,Fish
126281,Anguilla anguilla,European eel,Icelandic waters,Fish
126281,Anguilla anguilla,European eel,Norwegian Sea,Fish
126281,Anguilla anguilla,European eel,Oceanic Northeast Atlantic,Fish
126281,Anguilla anguilla,European eel,Mediterranean and Black Sea,Fish
707542,Ardenna grisea,Sooty shearwater,Azores,Birds
707542,Ardenna grisea,Sooty shearwater,Bay of Biscay and Iberian Coast,Birds
707542,Ardenna grisea,Sooty shearwater,Celtic Seas,Birds
707542,Ardenna grisea,Sooty shearwater,Faroes,Birds
707542,Ardenna grisea,Sooty shearwater,Greater North Sea,Birds
707542,Ardenna grisea,Sooty shearwater,Greenland Sea,Birds
707542,Ardenna grisea,Sooty shearwater,Icelandic waters,Birds
707542,Ardenna grisea,Sooty shearwater,Norwegian Sea,Birds
707542,Ardenna grisea,Sooty shearwater,Oceanic Northeast Atlantic,Birds
232037,Aythya ferina,Common pochard,Baltic Sea,Birds
232037,Aythya ferina,Common pochard,Bay of Biscay and Iberian Coast,Birds
232037,Aythya ferina,Common pochard,Celtic Seas,Birds
232037,Aythya ferina,Common pochard,Greater North Sea,Birds
232037,Aythya ferina,Common pochard,Icelandic waters,Birds
232037,Aythya ferina,Common pochard,Norwegian Sea,Birds
159164,Aythya fuligula,Tufted duck,Azores,Birds
159164,Aythya fuligula,Tufted duck,Baltic Sea,Birds
159164,Aythya fuligula,Tufted duck,Barents Sea,Birds
159164,Aythya fuligula,Tufted duck,Bay of Biscay and Iberian Coast,Birds
159164,Aythya fuligula,Tufted duck,Celtic Seas,Birds
159164,Aythya fuligula,Tufted duck,Faroes,Birds
159164,Aythya fuligula,Tufted duck,Greater North Sea,Birds
159164,Aythya fuligula,Tufted duck,Icelandic waters,Birds
159164,Aythya fuligula,Tufted duck,Norwegian Sea,Birds
159172,Aythya marila,Greater scaup,Baltic Sea,Birds
159172,Aythya marila,Greater scaup,Barents Sea,Birds
159172,Aythya marila,Greater scaup,Bay of Biscay and Iberian Coast,Birds
159172,Aythya marila,Greater scaup,Celtic Seas,Birds
159172,Aythya marila,Greater scaup,Faroes,Birds
159172,Aythya marila,Greater scaup,Greater North Sea,Birds
159172,Aythya marila,Greater scaup,Icelandic waters,Birds
159172,Aythya marila,Greater scaup,Norwegian Sea,Birds
137086,Balaena mysticetus,Bowhead whale,Arctic Ocean,Mammals
137086,Balaena mysticetus,Bowhead whale,Barents Sea,Mammals
137086,Balaena mysticetus,Bowhead whale,Greenland Sea,Mammals
137086,Balaena mysticetus,Bowhead whale,Norwegian Sea,Mammals
137087,Balaenoptera acutorostrata,Minke whale,Arctic Ocean,Mammals
137087,Balaenoptera acutorostrata,Minke whale,Azores,Mammals
137087,Balaenoptera acutorostrata,Minke whale,Baltic Sea,Mammals
137087,Balaenoptera acutorostrata,Minke whale,Barents Sea,Mammals
137087,Balaenoptera acutorostrata,Minke whale,Bay of Biscay and Iberian Coast,Mammals
137087,Balaenoptera acutorostrata,Minke whale,Celtic Seas,Mammals
137087,Balaenoptera acutorostrata,Minke whale,Faroes,Mammals
137087,Balaenoptera acutorostrata,Minke whale,Greater North Sea,Mammals
137087,Balaenoptera acutorostrata,Minke whale,Greenland Sea,Mammals
137087,Balaenoptera acutorostrata,Minke whale,Icelandic waters,Mammals
137087,Balaenoptera acutorostrata,Minke whale,Norwegian Sea,Mammals
137087,Balaenoptera acutorostrata,Minke whale,Oceanic Northeast Atlantic,Mammals
137088,Balaenoptera borealis,Sei whale,Azores,Mammals
137088,Balaenoptera borealis,Sei whale,Barents Sea,Mammals
137088,Balaenoptera borealis,Sei whale,Bay of Biscay and Iberian Coast,Mammals
137088,Balaenoptera borealis,Sei whale,Celtic Seas,Mammals
137088,Balaenoptera borealis,Sei whale,Faroes,Mammals
137088,Balaenoptera borealis,Sei whale,Greater North Sea,Mammals
137088,Balaenoptera borealis,Sei whale,Greenland Sea,Mammals
137088,Balaenoptera borealis,Sei whale,Icelandic waters,Mammals
137088,Balaenoptera borealis,Sei whale,Norwegian Sea,Mammals
137088,Balaenoptera borealis,Sei whale,Oceanic Northeast Atlantic,Mammals
242603,Balaenoptera brydei,Bryde's Whale,Azores,Mammals
242603,Balaenoptera brydei,Bryde's Whale,Oceanic Northeast Atlantic,Mammals
137090,Balaenoptera musculus,Blue whale,Arctic Ocean,Mammals
137090,Balaenoptera musculus,Blue whale,Azores,Mammals
137090,Balaenoptera musculus,Blue whale,Barents Sea,Mammals
137090,Balaenoptera musculus,Blue whale,Bay of Biscay and Iberian Coast,Mammals
137090,Balaenoptera musculus,Blue whale,Celtic Seas,Mammals
137090,Balaenoptera musculus,Blue whale,Faroes,Mammals
137090,Balaenoptera musculus,Blue whale,Greenland Sea,Mammals
137090,Balaenoptera musculus,Blue whale,Icelandic waters,Mammals
137090,Balaenoptera musculus,Blue whale,Norwegian Sea,Mammals
137090,Balaenoptera musculus,Blue whale,Oceanic Northeast Atlantic,Mammals
137091,Balaenoptera physalus,Fin whale,Arctic Ocean,Mammals
137091,Balaenoptera physalus,Fin whale,Azores,Mammals
137091,Balaenoptera physalus,Fin whale,Barents Sea,Mammals
137091,Balaenoptera physalus,Fin whale,Bay of Biscay and Iberian Coast,Mammals
137091,Balaenoptera physalus,Fin whale,Celtic Seas,Mammals
137091,Balaenoptera physalus,Fin whale,Faroes,Mammals
137091,Balaenoptera physalus,Fin whale,Greater North Sea,Mammals
137091,Balaenoptera physalus,Fin whale,Greenland Sea,Mammals
137091,Balaenoptera physalus,Fin whale,Icelandic waters,Mammals
137091,Balaenoptera physalus,Fin whale,Norwegian Sea,Mammals
137091,Balaenoptera physalus,Fin whale,Oceanic Northeast Atlantic,Mammals
154721,Balistes capriscus,Grey triggerfish,Celtic Seas,Fish
126394,Beryx decadactylus,Alfonsino,Azores,Fish
126394,Beryx decadactylus,Alfonsino,Bay of Biscay and Iberian Coast,Fish
126394,Beryx decadactylus,Alfonsino,Celtic Seas,Fish
126394,Beryx decadactylus,Alfonsino,Faroes,Fish
126394,Beryx decadactylus,Alfonsino,Icelandic waters,Fish
126394,Beryx decadactylus,Alfonsino,Oceanic Northeast Atlantic,Fish
126395,Beryx splendens,Splendid alfonsino,Azores,Fish
126395,Beryx splendens,Splendid alfonsino,Bay of Biscay and Iberian Coast,Fish
126395,Beryx splendens,Splendid alfonsino,Celtic Seas,Fish
126395,Beryx splendens,Splendid alfonsino,Faroes,Fish
126395,Beryx splendens,Splendid alfonsino,Oceanic Northeast Atlantic,Fish
126958,Bodianus scrofa,Barred hogfish,Azores,Fish
159197,Bucephala clangula,Common goldeneye,Baltic Sea,Birds
159197,Bucephala clangula,Common goldeneye,Barents Sea,Birds
159197,Bucephala clangula,Common goldeneye,Bay of Biscay and Iberian Coast,Birds
159197,Bucephala clangula,Common goldeneye,Celtic Seas,Birds
159197,Bucephala clangula,Common goldeneye,Faroes,Birds
159197,Bucephala clangula,Common goldeneye,Greater North Sea,Birds
159197,Bucephala clangula,Common goldeneye,Icelandic waters,Birds
159197,Bucephala clangula,Common goldeneye,Norwegian Sea,Birds
1348497,Calonectris borealis,Cory's shearwater,Azores,Birds
1348497,Calonectris borealis,Cory's shearwater,Bay of Biscay and Iberian Coast,Birds
1348497,Calonectris borealis,Cory's shearwater,Celtic Seas,Birds
1348497,Calonectris borealis,Cory's shearwater,Oceanic Northeast Atlantic,Birds
137194,Calonectris diomedea,Scopoli's shearwater,Azores,Birds
137194,Calonectris diomedea,Scopoli's shearwater,Bay of Biscay and Iberian Coast,Birds
137194,Calonectris diomedea,Scopoli's shearwater,Oceanic Northeast Atlantic,Birds
105789,Carcharhinus falciformis,Silky shark,Bay of Biscay and Iberian Coast,Fish
105789,Carcharhinus falciformis,Silky shark,Oceanic Northeast Atlantic,Fish
105794,Carcharhinus longimanus,Oceanic whitetip shark,Bay of Biscay and Iberian Coast,Fish
105794,Carcharhinus longimanus,Oceanic whitetip shark,Oceanic Northeast Atlantic,Fish
105797,Carcharhinus plumbeus,Sandbar shark,Bay of Biscay and Iberian Coast,Fish
105843,Carcharias taurus,Sand tiger shark,Mediterranean and Black Sea,Fish
105838,Carcharodon carcharias,Great white shark,Azores,Fish
105838,Carcharodon carcharias,Great white shark,Bay of Biscay and Iberian Coast,Fish
105838,Carcharodon carcharias,Great white shark,Oceanic Northeast Atlantic,Fish
105838,Carcharodon carcharias,Great white shark,Mediterranean and Black Sea,Fish
137205,Caretta caretta,Loggerhead turtle ,Azores,Turtles
137205,Caretta caretta,Loggerhead turtle ,Bay of Biscay and Iberian Coast,Turtles
137205,Caretta caretta,Loggerhead turtle ,Celtic Seas,Turtles
137205,Caretta caretta,Loggerhead turtle ,Oceanic Northeast Atlantic,Turtles
105899,Centrophorus granulosus,Gulper shark,Azores,Fish
105899,Centrophorus granulosus,Gulper shark,Bay of Biscay and Iberian Coast,Fish
105899,Centrophorus granulosus,Gulper shark,Celtic Seas,Fish
105899,Centrophorus granulosus,Gulper shark,Oceanic Northeast Atlantic,Fish
105901,Centrophorus squamosus,Leafscale gulper shark,Azores,Fish
105901,Centrophorus squamosus,Leafscale gulper shark,Bay of Biscay and Iberian Coast,Fish
105901,Centrophorus squamosus,Leafscale gulper shark,Celtic Seas,Fish
105901,Centrophorus squamosus,Leafscale gulper shark,Faroes,Fish
105901,Centrophorus squamosus,Leafscale gulper shark,Greater North Sea,Fish
105901,Centrophorus squamosus,Leafscale gulper shark,Icelandic waters,Fish
105901,Centrophorus squamosus,Leafscale gulper shark,Norwegian Sea,Fish
105901,Centrophorus squamosus,Leafscale gulper shark,Oceanic Northeast Atlantic,Fish
105902,Centrophorus uyato,Little gulper shark,Bay of Biscay and Iberian Coast,Fish
105907,Centroscymnus coelolepis,Portuguese dogfish,Azores,Fish
105907,Centroscymnus coelolepis,Portuguese dogfish,Bay of Biscay and Iberian Coast,Fish
105907,Centroscymnus coelolepis,Portuguese dogfish,Celtic Seas,Fish
105907,Centroscymnus coelolepis,Portuguese dogfish,Faroes,Fish
105907,Centroscymnus coelolepis,Portuguese dogfish,Greater North Sea,Fish
105907,Centroscymnus coelolepis,Portuguese dogfish,Greenland Sea,Fish
105907,Centroscymnus coelolepis,Portuguese dogfish,Icelandic waters,Fish
105907,Centroscymnus coelolepis,Portuguese dogfish,Norwegian Sea,Fish
105907,Centroscymnus coelolepis,Portuguese dogfish,Oceanic Northeast Atlantic,Fish
299089,Centroscymnus owstonii,Roughskin dogfish,Azores,Fish
137130,Cepphus grylle,Black guillemot,Arctic Ocean,Birds
137130,Cepphus grylle,Black guillemot,Baltic Sea,Birds
137130,Cepphus grylle,Black guillemot,Barents Sea,Birds
137130,Cepphus grylle,Black guillemot,Celtic Seas,Birds
137130,Cepphus grylle,Black guillemot,Faroes,Birds
137130,Cepphus grylle,Black guillemot,Greater North Sea,Birds
137130,Cepphus grylle,Black guillemot,Greenland Sea,Birds
137130,Cepphus grylle,Black guillemot,Icelandic waters,Birds
137130,Cepphus grylle,Black guillemot,Norwegian Sea,Birds
105837,Cetorhinus maximus,Basking shark,Azores,Fish
105837,Cetorhinus maximus,Basking shark,Barents Sea,Fish
105837,Cetorhinus maximus,Basking shark,Bay of Biscay and Iberian Coast,Fish
105837,Cetorhinus maximus,Basking shark,Celtic Seas,Fish
105837,Cetorhinus maximus,Basking shark,Faroes,Fish
105837,Cetorhinus maximus,Basking shark,Greater North Sea,Fish
105837,Cetorhinus maximus,Basking shark,Greenland Sea,Fish
105837,Cetorhinus maximus,Basking shark,Icelandic waters,Fish
105837,Cetorhinus maximus,Basking shark,Norwegian Sea,Fish
105837,Cetorhinus maximus,Basking shark,Oceanic Northeast Atlantic,Fish
105837,Cetorhinus maximus,Basking shark,Mediterranean and Black Sea,Fish
137206,Chelonia mydas,Green turtle,Azores,Turtles
137206,Chelonia mydas,Green turtle,Oceanic Northeast Atlantic,Turtles
105824,Chimaera monstrosa,Rabbit fish,Azores,Fish
105824,Chimaera monstrosa,Rabbit fish,Barents Sea,Fish
105824,Chimaera monstrosa,Rabbit fish,Bay of Biscay and Iberian Coast,Fish
105824,Chimaera monstrosa,Rabbit fish,Celtic Seas,Fish
105824,Chimaera monstrosa,Rabbit fish,Faroes,Fish
105824,Chimaera monstrosa,Rabbit fish,Greater North Sea,Fish
105824,Chimaera monstrosa,Rabbit fish,Greenland Sea,Fish
105824,Chimaera monstrosa,Rabbit fish,Icelandic waters,Fish
105824,Chimaera monstrosa,Rabbit fish,Oceanic Northeast Atlantic,Fish
712407,Chimaera opalescens,Opal chimaera,Azores,Fish
712407,Chimaera opalescens,Opal chimaera,Celtic Seas,Fish
712407,Chimaera opalescens,Opal chimaera,Faroes,Fish
712407,Chimaera opalescens,Opal chimaera,Oceanic Northeast Atlantic,Fish
1488274,Chroicocephalus genei,Slender-billed gull,Bay of Biscay and Iberian Coast,Birds
465358,Chroicocephalus ridibundus,Common black-headed gull,Azores,Birds
465358,Chroicocephalus ridibundus,Common black-headed gull,Baltic Sea,Birds
465358,Chroicocephalus ridibundus,Common black-headed gull,Barents Sea,Birds
465358,Chroicocephalus ridibundus,Common black-headed gull,Bay of Biscay and Iberian Coast,Birds
465358,Chroicocephalus ridibundus,Common black-headed gull,Celtic Seas,Birds
465358,Chroicocephalus ridibundus,Common black-headed gull,Faroes,Birds
465358,Chroicocephalus ridibundus,Common black-headed gull,Greater North Sea,Birds
465358,Chroicocephalus ridibundus,Common black-headed gull,Icelandic waters,Birds
465358,Chroicocephalus ridibundus,Common black-headed gull,Norwegian Sea,Birds
137071,Clangula hyemalis,Long-tailed duck,Arctic Ocean,Birds
137071,Clangula hyemalis,Long-tailed duck,Baltic Sea,Birds
137071,Clangula hyemalis,Long-tailed duck,Barents Sea,Birds
137071,Clangula hyemalis,Long-tailed duck,Celtic Seas,Birds
137071,Clangula hyemalis,Long-tailed duck,Faroes,Birds
137071,Clangula hyemalis,Long-tailed duck,Greater North Sea,Birds
137071,Clangula hyemalis,Long-tailed duck,Greenland Sea,Birds
137071,Clangula hyemalis,Long-tailed duck,Icelandic waters,Birds
137071,Clangula hyemalis,Long-tailed duck,Norwegian Sea,Birds
712453,Coregonus maraena,Maraena whitefish,Baltic Sea,Fish
158960,Coryphaenoides rupestris,Roundnose grenadier,Bay of Biscay and Iberian Coast,Fish
158960,Coryphaenoides rupestris,Roundnose grenadier,Celtic Seas,Fish
158960,Coryphaenoides rupestris,Roundnose grenadier,Faroes,Fish
158960,Coryphaenoides rupestris,Roundnose grenadier,Greenland Sea,Fish
158960,Coryphaenoides rupestris,Roundnose grenadier,Icelandic waters,Fish
158960,Coryphaenoides rupestris,Roundnose grenadier,Norwegian Sea,Fish
158960,Coryphaenoides rupestris,Roundnose grenadier,Oceanic Northeast Atlantic,Fish
137078,Cystophora cristata,Hooded seal,Arctic Ocean,Mammals
137078,Cystophora cristata,Hooded seal,Barents Sea,Mammals
137078,Cystophora cristata,Hooded seal,Faroes,Mammals
137078,Cystophora cristata,Hooded seal,Greater North Sea,Mammals
137078,Cystophora cristata,Hooded seal,Greenland Sea,Mammals
137078,Cystophora cristata,Hooded seal,Icelandic waters,Mammals
137078,Cystophora cristata,Hooded seal,Norwegian Sea,Mammals
105910,Dalatias licha,Kitefin shark,Azores,Fish
105910,Dalatias licha,Kitefin shark,Bay of Biscay and Iberian Coast,Fish
105910,Dalatias licha,Kitefin shark,Celtic Seas,Fish
105910,Dalatias licha,Kitefin shark,Greater North Sea,Fish
105910,Dalatias licha,Kitefin shark,Oceanic Northeast Atlantic,Fish
105851,Dasyatis pastinaca,Common stingray,Azores,Fish
105851,Dasyatis pastinaca,Common stingray,Bay of Biscay and Iberian Coast,Fish
105851,Dasyatis pastinaca,Common stingray,Celtic Seas,Fish
105851,Dasyatis pastinaca,Common stingray,Greater North Sea,Fish
298167,Deania calceus,Birdbeak dogfish,Azores,Fish
298167,Deania calceus,Birdbeak dogfish,Bay of Biscay and Iberian Coast,Fish
298167,Deania calceus,Birdbeak dogfish,Celtic Seas,Fish
298167,Deania calceus,Birdbeak dogfish,Faroes,Fish
298167,Deania calceus,Birdbeak dogfish,Greater North Sea,Fish
298167,Deania calceus,Birdbeak dogfish,Icelandic waters,Fish
298167,Deania calceus,Birdbeak dogfish,Norwegian Sea,Fish
298167,Deania calceus,Birdbeak dogfish,Oceanic Northeast Atlantic,Fish
105905,Deania profundorum,Arrowhead dogfish,Azores,Fish
137115,Delphinapterus leucas,White whale,Barents Sea,Mammals
137115,Delphinapterus leucas,White whale,Greenland Sea,Mammals
137115,Delphinapterus leucas,White whale,Icelandic waters,Mammals
137094,Delphinus delphis,Common dolphin,Azores,Mammals
137094,Delphinus delphis,Common dolphin,Baltic Sea,Mammals
137094,Delphinus delphis,Common dolphin,Bay of Biscay and Iberian Coast,Mammals
137094,Delphinus delphis,Common dolphin,Celtic Seas,Mammals
137094,Delphinus delphis,Common dolphin,Greater North Sea,Mammals
137094,Delphinus delphis,Common dolphin,Oceanic Northeast Atlantic,Mammals
137209,Dermochelys coriacea,Leatherback turtle,Azores,Turtles
137209,Dermochelys coriacea,Leatherback turtle,Bay of Biscay and Iberian Coast,Turtles
137209,Dermochelys coriacea,Leatherback turtle,Celtic Seas,Turtles
137209,Dermochelys coriacea,Leatherback turtle,Greater North Sea,Turtles
137209,Dermochelys coriacea,Leatherback turtle,Oceanic Northeast Atlantic,Turtles
105869,Dipturus batis,Blue skate,Bay of Biscay and Iberian Coast,Fish
105869,Dipturus batis,Blue skate,Celtic Seas,Fish
105869,Dipturus batis,Blue skate,Faroes,Fish
105869,Dipturus batis,Blue skate,Greater North Sea,Fish
105869,Dipturus batis,Blue skate,Greenland Sea,Fish
105869,Dipturus batis,Blue skate,Icelandic waters,Fish
105869,Dipturus batis,Blue skate,Norwegian Sea,Fish
105869,Dipturus batis,Blue skate,Oceanic Northeast Atlantic,Fish
105869,Dipturus batis,Common skate,Mediterranean and Black Sea,Fish
711846,Dipturus intermedius,Flapper skate,Azores,Fish
711846,Dipturus intermedius,Flapper skate,Bay of Biscay and Iberian Coast,Fish
711846,Dipturus intermedius,Flapper skate,Celtic Seas,Fish
711846,Dipturus intermedius,Flapper skate,Greater North Sea,Fish
711846,Dipturus intermedius,Flapper skate,Icelandic waters,Fish
711846,Dipturus intermedius,Flapper skate,Norwegian Sea,Fish
711846,Dipturus intermedius,Flapper skate,Oceanic Northeast Atlantic,Fish
711846,Dipturus intermedius,Common skate,Mediterranean and Black Sea,Fish
105871,Dipturus nidarosiensis,Norwegian skate,Greater North Sea,Fish
105871,Dipturus nidarosiensis,Norwegian skate,Greenland Sea,Fish
105872,Dipturus oxyrinchus,Longnosed skate,Azores,Fish
105872,Dipturus oxyrinchus,Longnosed skate,Celtic Seas,Fish
105922,Echinorhinus brucus,Bramble shark,Celtic Seas,Fish
127413,Ephippion guttifer,Prickly puffer,Bay of Biscay and Iberian Coast,Fish
126858,Epigonus telescopus,Black cardinal fish,Azores,Fish
126858,Epigonus telescopus,Black cardinal fish,Bay of Biscay and Iberian Coast,Fish
126858,Epigonus telescopus,Black cardinal fish,Celtic Seas,Fish
126858,Epigonus telescopus,Black cardinal fish,Faroes,Fish
126858,Epigonus telescopus,Black cardinal fish,Oceanic Northeast Atlantic,Fish
127032,Epinephelus aeneus,White grouper,Bay of Biscay and Iberian Coast,Fish
127034,Epinephelus costae,Goldblotch grouper,Bay of Biscay and Iberian Coast,Fish
127036,Epinephelus marginatus,Dusky grouper,Azores,Fish
127036,Epinephelus marginatus,Dusky grouper,Bay of Biscay and Iberian Coast,Fish
137079,Erignathus barbatus,Bearded seal,Arctic Ocean,Mammals
137079,Erignathus barbatus,Bearded seal,Barents Sea,Mammals
137079,Erignathus barbatus,Bearded seal,Celtic Seas,Mammals
137079,Erignathus barbatus,Bearded seal,Faroes,Mammals
137079,Erignathus barbatus,Bearded seal,Greater North Sea,Mammals
137079,Erignathus barbatus,Bearded seal,Greenland Sea,Mammals
137079,Erignathus barbatus,Bearded seal,Icelandic waters,Mammals
137079,Erignathus barbatus,Bearded seal,Norwegian Sea,Mammals
105912,Etmopterus pusillus,Smooth lanternshark,Azores,Fish
105912,Etmopterus pusillus,Smooth lanternshark,Bay of Biscay and Iberian Coast,Fish
105912,Etmopterus pusillus,Smooth lanternshark,Oceanic Northeast Atlantic,Fish
105913,Etmopterus spinax,Velvet belly,Azores,Fish
159023,Eubalaena glacialis,Northern right whale,Azores,Mammals
159023,Eubalaena glacialis,Northern right whale,Barents Sea,Mammals
159023,Eubalaena glacialis,Northern right whale,Bay of Biscay and Iberian Coast,Mammals
159023,Eubalaena glacialis,Northern right whale,Celtic Seas,Mammals
159023,Eubalaena glacialis,Northern right whale,Icelandic waters,Mammals
159023,Eubalaena glacialis,Northern right whale,Norwegian Sea,Mammals
137131,Fratercula arctica,Atlantic puffin,Barents Sea,Birds
137131,Fratercula arctica,Atlantic puffin,Bay of Biscay and Iberian Coast,Birds
137131,Fratercula arctica,Atlantic puffin,Celtic Seas,Birds
137131,Fratercula arctica,Atlantic puffin,Faroes,Birds
137131,Fratercula arctica,Atlantic puffin,Greater North Sea,Birds
137131,Fratercula arctica,Atlantic puffin,Greenland Sea,Birds
137131,Fratercula arctica,Atlantic puffin,Icelandic waters,Birds
137131,Fratercula arctica,Atlantic puffin,Norwegian Sea,Birds
137131,Fratercula arctica,Atlantic puffin,Oceanic Northeast Atlantic,Birds
232054,Fulica atra,Eurasian coot,Azores,Birds
232054,Fulica atra,Eurasian coot,Baltic Sea,Birds
232054,Fulica atra,Eurasian coot,Bay of Biscay and Iberian Coast,Birds
232054,Fulica atra,Fulica atra,Celtic Seas,Birds
232054,Fulica atra,Eurasian coot,Greater North Sea,Birds
232054,Fulica atra,Eurasian coot,Norwegian Sea,Birds
137195,Fulmarus glacialis,Northern fulmar,Arctic Ocean,Birds
137195,Fulmarus glacialis,Northern fulmar,Azores,Birds
137195,Fulmarus glacialis,Northern fulmar,Barents Sea,Birds
137195,Fulmarus glacialis,Northern fulmar,Bay of Biscay and Iberian Coast,Birds
137195,Fulmarus glacialis,Northern fulmar,Celtic Seas,Birds
137195,Fulmarus glacialis,Northern fulmar,Faroes,Birds
137195,Fulmarus glacialis,Northern fulmar,Greater North Sea,Birds
137195,Fulmarus glacialis,Northern fulmar,Greenland Sea,Birds
137195,Fulmarus glacialis,Northern fulmar,Icelandic waters,Birds
137195,Fulmarus glacialis,Northern fulmar,Norwegian Sea,Birds
137195,Fulmarus glacialis,Northern fulmar,Oceanic Northeast Atlantic,Birds
105820,Galeorhinus galeus,Tope shark,Azores,Fish
105820,Galeorhinus galeus,Tope shark,Bay of Biscay and Iberian Coast,Fish
105820,Galeorhinus galeus,Tope shark,Celtic Seas,Fish
105820,Galeorhinus galeus,Tope shark,Faroes,Fish
105820,Galeorhinus galeus,Tope shark,Greater North Sea,Fish
105820,Galeorhinus galeus,Tope shark,Icelandic waters,Fish
105820,Galeorhinus galeus,Tope shark,Norwegian Sea,Fish
105820,Galeorhinus galeus,Tope shark,Oceanic Northeast Atlantic,Fish
137185,Gavia adamsii,White-billed diver,Baltic Sea,Birds
137185,Gavia adamsii,White-billed diver,Barents Sea,Birds
137185,Gavia adamsii,White-billed diver,Faroes,Birds
137185,Gavia adamsii,White-billed diver,Greater North Sea,Birds
137185,Gavia adamsii,White-billed diver,Norwegian Sea,Birds
137186,Gavia arctica,Black-throated diver,Baltic Sea,Birds
137186,Gavia arctica,Black-throated diver,Barents Sea,Birds
137186,Gavia arctica,Black-throated diver,Bay of Biscay and Iberian Coast,Birds
137186,Gavia arctica,Black-throated diver,Celtic Seas,Birds
137186,Gavia arctica,Black-throated diver,Greater North Sea,Birds
137186,Gavia arctica,Black-throated diver,Norwegian Sea,Birds
137187,Gavia immer,Great northern diver,Azores,Birds
137187,Gavia immer,Great northern diver,Baltic Sea,Birds
137187,Gavia immer,Great northern diver,Barents Sea,Birds
137187,Gavia immer,Great northern diver,Bay of Biscay and Iberian Coast,Birds
137187,Gavia immer,Great northern diver,Celtic Seas,Birds
137187,Gavia immer,Great northern diver,Faroes,Birds
137187,Gavia immer,Great northern diver,Greater North Sea,Birds
137187,Gavia immer,Great northern diver,Greenland Sea,Birds
137187,Gavia immer,Great northern diver,Icelandic waters,Birds
137187,Gavia immer,Great northern diver,Norwegian Sea,Birds
137188,Gavia stellata,Red-throated diver,Arctic Ocean,Birds
137188,Gavia stellata,Red-throated diver,Baltic Sea,Birds
137188,Gavia stellata,Red-throated diver,Barents Sea,Birds
137188,Gavia stellata,Red-throated diver,Bay of Biscay and Iberian Coast,Birds
137188,Gavia stellata,Red-throated diver,Celtic Seas,Birds
137188,Gavia stellata,Red-throated diver,Faroes,Birds
137188,Gavia stellata,Red-throated diver,Greater North Sea,Birds
137188,Gavia stellata,Red-throated diver,Greenland Sea,Birds
137188,Gavia stellata,Red-throated diver,Icelandic waters,Birds
137188,Gavia stellata,Red-throated diver,Norwegian Sea,Birds
1016062,Glaucostegus cemiculus,Blackchin guitarfish,Bay of Biscay and Iberian Coast,Fish
1016062,Glaucostegus cemiculus,Guitarfish,Mediterranean and Black Sea,Fish
137096,Globicephala macrorhynchus,Short-finned pilot whale,Azores,Mammals
137097,Globicephala melas,Long-finned pilot whale,Azores,Mammals
137097,Globicephala melas,Long-finned pilot whale,Barents Sea,Mammals
137097,Globicephala melas,Long-finned pilot whale,Bay of Biscay and Iberian Coast,Mammals
137097,Globicephala melas,Long-finned pilot whale,Celtic Seas,Mammals
137097,Globicephala melas,Long-finned pilot whale,Faroes,Mammals
137097,Globicephala melas,Long-finned pilot whale,Greater North Sea,Mammals
137097,Globicephala melas,Long-finned pilot whale,Greenland Sea,Mammals
137097,Globicephala melas,Long-finned pilot whale,Icelandic waters,Mammals
137097,Globicephala melas,Long-finned pilot whale,Norwegian Sea,Mammals
137097,Globicephala melas,Long-finned pilot whale,Oceanic Northeast Atlantic,Mammals
137098,Grampus griseus,Risso's dolphin,Azores,Mammals
137098,Grampus griseus,Risso's dolphin,Bay of Biscay and Iberian Coast,Mammals
137098,Grampus griseus,Risso's dolphin,Celtic Seas,Mammals
137098,Grampus griseus,Risso's dolphin,Faroes,Mammals
137098,Grampus griseus,Risso's dolphin,Greater North Sea,Mammals
137098,Grampus griseus,Risso's dolphin,Icelandic waters,Mammals
137098,Grampus griseus,Risso's dolphin,Oceanic Northeast Atlantic,Mammals
1704278,Gulosus aristotelis,European shag,Baltic Sea,Birds
1704278,Gulosus aristotelis,European shag,Barents Sea,Birds
1704278,Gulosus aristotelis,European shag,Bay of Biscay and Iberian Coast,Birds
1704278,Gulosus aristotelis,European shag,Celtic Seas,Birds
1704278,Gulosus aristotelis,European shag,Faroes,Birds
1704278,Gulosus aristotelis,European shag,Greater North Sea,Birds
1704278,Gulosus aristotelis,European shag,Icelandic waters,Birds
1704278,Gulosus aristotelis,European shag,Norwegian Sea,Birds
105856,Gymnura altavela,Spiny butterfly ray,Bay of Biscay and Iberian Coast,Fish
105856,Gymnura altavela,Spiny butterfly ray,Mediterranean and Black Sea,Fish
137080,Halichoerus grypus,Grey seal,Baltic Sea,Mammals
137080,Halichoerus grypus,Grey seal,Barents Sea,Mammals
137080,Halichoerus grypus,Grey seal,Bay of Biscay and Iberian Coast,Mammals
137080,Halichoerus grypus,Grey seal,Celtic Seas,Mammals
137080,Halichoerus grypus,Grey seal,Faroes,Mammals
137080,Halichoerus grypus,Grey seal,Greater North Sea,Mammals
137080,Halichoerus grypus,Grey seal,Icelandic waters,Mammals
137080,Halichoerus grypus,Grey seal,Norwegian Sea,Mammals
105828,Harriotta haeckeli,Smallspine spookfish,Celtic Seas,Fish
105828,Harriotta haeckeli,Smallspine spookfish,Oceanic Northeast Atlantic,Fish
105829,Harriotta raleighana,Pacific longnose chimaera,Celtic Seas,Fish
105829,Harriotta raleighana,Pacific longnose chimaera,Faroes,Fish
105829,Harriotta raleighana,Pacific longnose chimaera,Icelandic waters,Fish
105829,Harriotta raleighana,Pacific longnose chimaera,Oceanic Northeast Atlantic,Fish
105832,Heptranchias perlo,Sharpnose sevengill shark,Azores,Fish
105832,Heptranchias perlo,Sharpnose sevengill shark,Bay of Biscay and Iberian Coast,Fish
105832,Heptranchias perlo,Sharpnose sevengill shark,Celtic Seas,Fish
105832,Heptranchias perlo,Sharpnose sevengill shark,Oceanic Northeast Atlantic,Fish
154776,Hippocampus guttulatus,Long-snouted seahorse,Azores,Fish
154776,Hippocampus guttulatus,Long-snouted seahorse,Bay of Biscay and Iberian Coast,Fish
154776,Hippocampus guttulatus,Long-snouted seahorse,Celtic Seas,Fish
154776,Hippocampus guttulatus,Long-snouted seahorse,Greater North Sea,Fish
127380,Hippocampus hippocampus,Short snouted seahorse,Azores,Fish
127380,Hippocampus hippocampus,Short snouted seahorse,Bay of Biscay and Iberian Coast,Fish
127380,Hippocampus hippocampus,Short snouted seahorse,Celtic Seas,Fish
127380,Hippocampus hippocampus,Short snouted seahorse,Greater North Sea,Fish
127137,Hippoglossoides platessoides,American plaice,Greenland Sea,Fish
127138,Hippoglossus hippoglossus,Atlantic halibut,Bay of Biscay and Iberian Coast,Fish
127138,Hippoglossus hippoglossus,Atlantic halibut,Celtic Seas,Fish
127138,Hippoglossus hippoglossus,Atlantic halibut,Faroes,Fish
127138,Hippoglossus hippoglossus,Atlantic halibut,Greater North Sea,Fish
127138,Hippoglossus hippoglossus,Atlantic halibut,Greenland Sea,Fish
127138,Hippoglossus hippoglossus,Atlantic halibut,Icelandic waters,Fish
127138,Hippoglossus hippoglossus,Atlantic halibut,Norwegian Sea,Fish
127138,Hippoglossus hippoglossus,Atlantic halibut,Oceanic Northeast Atlantic,Fish
126402,Hoplostethus atlanticus,Orange roughy,Azores,Fish
126402,Hoplostethus atlanticus,Orange roughy,Bay of Biscay and Iberian Coast,Fish
126402,Hoplostethus atlanticus,Orange roughy,Celtic Seas,Fish
126402,Hoplostethus atlanticus,Orange roughy,Faroes,Fish
126402,Hoplostethus atlanticus,Orange roughy,Greenland Sea,Fish
126402,Hoplostethus atlanticus,Orange roughy,Icelandic waters,Fish
126402,Hoplostethus atlanticus,Orange roughy,Norwegian Sea,Fish
126402,Hoplostethus atlanticus,Orange roughy,Oceanic Northeast Atlantic,Fish
126280,Huso huso,Beluga sturgeon,Mediterranean and Black Sea,Fish
567449,Hydrocoloeus minutus,Little gull,Baltic Sea,Birds
567449,Hydrocoloeus minutus,Little gull,Bay of Biscay and Iberian Coast,Birds
567449,Hydrocoloeus minutus,Little gull,Celtic Seas,Birds
567449,Hydrocoloeus minutus,Little gull,Greater North Sea,Birds
105825,Hydrolagus affinis,Smalleyed rabbitfish,Azores,Fish
105825,Hydrolagus affinis,Smalleyed rabbitfish,Bay of Biscay and Iberian Coast,Fish
105825,Hydrolagus affinis,Smalleyed rabbitfish,Celtic Seas,Fish
105825,Hydrolagus affinis,Smalleyed rabbitfish,Faroes,Fish
105825,Hydrolagus affinis,Smalleyed rabbitfish,Greenland Sea,Fish
105825,Hydrolagus affinis,Smalleyed rabbitfish,Icelandic waters,Fish
105825,Hydrolagus affinis,Smalleyed rabbitfish,Oceanic Northeast Atlantic,Fish
271410,Hydrolagus lustanicus,Shortnose chimaeras,Bay of Biscay and Iberian Coast,Fish
271410,Hydrolagus lustanicus,Shortnose chimaeras,Oceanic Northeast Atlantic,Fish
105826,Hydrolagus mirabilis,Large-eyed rabbitfish,Azores,Fish
105826,Hydrolagus mirabilis,Large-eyed rabbitfish,Bay of Biscay and Iberian Coast,Fish
105826,Hydrolagus mirabilis,Large-eyed rabbitfish,Celtic Seas,Fish
105826,Hydrolagus mirabilis,Large-eyed rabbitfish,Faroes,Fish
105826,Hydrolagus mirabilis,Large-eyed rabbitfish,Icelandic waters,Fish
105826,Hydrolagus mirabilis,Large-eyed rabbitfish,Oceanic Northeast Atlantic,Fish
105827,Hydrolagus pallidus,Pale ghost shark,Azores,Fish
105827,Hydrolagus pallidus,Pale ghost shark,Celtic Seas,Fish
105827,Hydrolagus pallidus,Pale ghost shark,Greenland Sea,Fish
105827,Hydrolagus pallidus,Pale ghost shark,Icelandic waters,Fish
105827,Hydrolagus pallidus,Pale ghost shark,Oceanic Northeast Atlantic,Fish
343899,Hyperoodon ampullatus,Northern bottlenose whale,Azores,Mammals
343899,Hyperoodon ampullatus,Northern bottlenose whale,Barents Sea,Mammals
343899,Hyperoodon ampullatus,Northern bottlenose whale,Bay of Biscay and Iberian Coast,Mammals
343899,Hyperoodon ampullatus,Northern bottlenose whale,Celtic Seas,Mammals
343899,Hyperoodon ampullatus,Northern bottlenose whale,Faroes,Mammals
343899,Hyperoodon ampullatus,Northern bottlenose whale,Greater North Sea,Mammals
343899,Hyperoodon ampullatus,Northern bottlenose whale,Greenland Sea,Mammals
343899,Hyperoodon ampullatus,Northern bottlenose whale,Icelandic waters,Mammals
343899,Hyperoodon ampullatus,Northern bottlenose whale,Norwegian Sea,Mammals
343899,Hyperoodon ampullatus,Northern bottlenose whale,Oceanic Northeast Atlantic,Mammals
1584284,Ichthyaetus melanocephalus,Mediterranean gull,Baltic Sea,Birds
1584284,Ichthyaetus melanocephalus,Mediterranean gull,Bay of Biscay and Iberian Coast,Birds
1584284,Ichthyaetus melanocephalus,Mediterranean gull,Celtic Seas,Birds
1584284,Ichthyaetus melanocephalus,Mediterranean gull,Greater North Sea,Birds
105839,Isurus oxyrinchus,Shortfin mako,Azores,Fish
105839,Isurus oxyrinchus,Shortfin mako,Bay of Biscay and Iberian Coast,Fish
105839,Isurus oxyrinchus,Shortfin mako,Celtic Seas,Fish
105839,Isurus oxyrinchus,Shortfin mako,Oceanic Northeast Atlantic,Fish
105840,Isurus paucus,Longfin mako,Azores,Fish
105840,Isurus paucus,Longfin mako,Bay of Biscay and Iberian Coast,Fish
105840,Isurus paucus,Longfin mako,Oceanic Northeast Atlantic,Fish
137113,Kogia breviceps,Pygmy sperm whale,Azores,Mammals
137113,Kogia breviceps,Pygmy sperm whale,Bay of Biscay and Iberian Coast,Mammals
137113,Kogia breviceps,Pygmy sperm whale,Oceanic Northeast Atlantic,Mammals
126968,Labrus viridis,Green wrasse,Bay of Biscay and Iberian Coast,Fish
137101,Lagenorhynchus albirostris,White-beaked dolphin,Baltic Sea,Mammals
137101,Lagenorhynchus albirostris,White-beaked dolphin,Barents Sea,Mammals
137101,Lagenorhynchus albirostris,White-beaked dolphin,Bay of Biscay and Iberian Coast,Mammals
137101,Lagenorhynchus albirostris,White-beaked dolphin,Celtic Seas,Mammals
137101,Lagenorhynchus albirostris,White-beaked dolphin,Faroes,Mammals
137101,Lagenorhynchus albirostris,White-beaked dolphin,Greater North Sea,Mammals
137101,Lagenorhynchus albirostris,White-beaked dolphin,Greenland Sea,Mammals
137101,Lagenorhynchus albirostris,White-beaked dolphin,Icelandic waters,Mammals
137101,Lagenorhynchus albirostris,White-beaked dolphin,Norwegian Sea,Mammals
105841,Lamna nasus,Porbeagle shark,Azores,Fish
105841,Lamna nasus,Porbeagle shark,Barents Sea,Fish
105841,Lamna nasus,Porbeagle shark,Bay of Biscay and Iberian Coast,Fish
105841,Lamna nasus,Porbeagle shark,Celtic Seas,Fish
105841,Lamna nasus,Porbeagle shark,Faroes,Fish
105841,Lamna nasus,Porbeagle shark,Greater North Sea,Fish
105841,Lamna nasus,Porbeagle shark,Greenland Sea,Fish
105841,Lamna nasus,Porbeagle shark,Icelandic waters,Fish
105841,Lamna nasus,Porbeagle shark,Norwegian Sea,Fish
105841,Lamna nasus,Porbeagle shark,Oceanic Northeast Atlantic,Fish
137138,Larus argentatus,Herring gull,Baltic Sea,Birds
137138,Larus argentatus,Herring gull,Barents Sea,Birds
137138,Larus argentatus,Herring gull,Bay of Biscay and Iberian Coast,Birds
137138,Larus argentatus,Herring gull,Celtic Seas,Birds
137138,Larus argentatus,Herring gull,Faroes,Birds
137138,Larus argentatus,Herring gull,Greater North Sea,Birds
137138,Larus argentatus,Herring gull,Icelandic waters,Birds
137138,Larus argentatus,Herring gull,Norwegian Sea,Birds
159074,Larus atricilla,Laughing gull,Azores,Birds
137141,Larus canus,Mew gull,Baltic Sea,Birds
137141,Larus canus,Mew gull,Barents Sea,Birds
137141,Larus canus,Mew gull,Bay of Biscay and Iberian Coast,Birds
137141,Larus canus,Mew gull,Celtic Seas,Birds
137141,Larus canus,Mew gull,Faroes,Birds
137141,Larus canus,Mew gull,Greater North Sea,Birds
137141,Larus canus,Mew gull,Icelandic waters,Birds
137141,Larus canus,Mew gull,Norwegian Sea,Birds
148797,Larus delawarensis,Ring-billed gull,Azores,Birds
148797,Larus delawarensis,Ring-billed gull,Oceanic Northeast Atlantic,Birds
137142,Larus fuscus,Lesser black-backed gull,Azores,Birds
137142,Larus fuscus,Lesser black-backed gull,Baltic Sea,Birds
137142,Larus fuscus,Lesser black-backed gull,Barents Sea,Birds
137142,Larus fuscus,Lesser black-backed gull,Bay of Biscay and Iberian Coast,Birds
137142,Larus fuscus,Lesser black-backed gull,Celtic Seas,Birds
137142,Larus fuscus,Lesser black-backed gull,Faroes,Birds
137142,Larus fuscus,Lesser black-backed gull,Greater North Sea,Birds
137142,Larus fuscus,Lesser black-backed gull,Greenland Sea,Birds
137142,Larus fuscus,Lesser black-backed gull,Icelandic waters,Birds
137142,Larus fuscus,Lesser black-backed gull,Norwegian Sea,Birds
137144,Larus glaucoides,Iceland gull,Azores,Birds
137144,Larus glaucoides,Iceland gull,Barents Sea,Birds
137144,Larus glaucoides,Iceland gull,Celtic Seas,Birds
137144,Larus glaucoides,Iceland gull,Faroes,Birds
137144,Larus glaucoides,Iceland gull,Greater North Sea,Birds
137144,Larus glaucoides,Iceland gull,Greenland Sea,Birds
137144,Larus glaucoides,Iceland gull,Icelandic waters,Birds
137144,Larus glaucoides,Iceland gull,Norwegian Sea,Birds
137145,Larus hyperboreus,Glaucous gull,Arctic Ocean,Birds
137145,Larus hyperboreus,Glaucous gull,Azores,Birds
137145,Larus hyperboreus,Glaucous gull,Barents Sea,Birds
137145,Larus hyperboreus,Glaucous gull,Celtic Seas,Birds
137145,Larus hyperboreus,Glaucous gull,Faroes,Birds
137145,Larus hyperboreus,Glaucous gull,Greater North Sea,Birds
137145,Larus hyperboreus,Glaucous gull,Greenland Sea,Birds
137145,Larus hyperboreus,Glaucous gull,Icelandic waters,Birds
137145,Larus hyperboreus,Glaucous gull,Norwegian Sea,Birds
137146,Larus marinus,Great black-backed gull,Azores,Birds
137146,Larus marinus,Great black-backed gull,Baltic Sea,Birds
137146,Larus marinus,Great black-backed gull,Barents Sea,Birds
137146,Larus marinus,Great black-backed gull,Bay of Biscay and Iberian Coast,Birds
137146,Larus marinus,Great black-backed gull,Celtic Seas,Birds
137146,Larus marinus,Great black-backed gull,Faroes,Birds
137146,Larus marinus,Great black-backed gull,Greater North Sea,Birds
137146,Larus marinus,Great black-backed gull,Greenland Sea,Birds
137146,Larus marinus,Great black-backed gull,Icelandic waters,Birds
137146,Larus marinus,Great black-backed gull,Norwegian Sea,Birds
232052,Larus michahellis,Yellow-legged gull,Azores,Birds
232052,Larus michahellis,Yellow-legged gull,Baltic Sea,Birds
232052,Larus michahellis,Yellow-legged gull,Bay of Biscay and Iberian Coast,Birds
232052,Larus michahellis,Yellow-legged gull,Celtic Seas,Birds
232052,Larus michahellis,Yellow-legged gull,Oceanic Northeast Atlantic,Birds
1571853,Leucopleurus acutus,Atlantic white-sided dolphin,Barents Sea,Mammals
1571853,Leucopleurus acutus,Atlantic white-sided dolphin,Celtic Seas,Mammals
1571853,Leucopleurus acutus,Atlantic white-sided dolphin,Faroes,Mammals
1571853,Leucopleurus acutus,Atlantic white-sided dolphin,Greater North Sea,Mammals
1571853,Leucopleurus acutus,Atlantic white-sided dolphin,Greenland Sea,Mammals
1571853,Leucopleurus acutus,Atlantic white-sided dolphin,Icelandic waters,Mammals
1571853,Leucopleurus acutus,Atlantic white-sided dolphin,Norwegian Sea,Mammals
1571853,Leucopleurus acutus,Atlantic white-sided dolphin,Oceanic Northeast Atlantic,Mammals
105873,Leucoraja circularis,Sandy ray,Bay of Biscay and Iberian Coast,Fish
105873,Leucoraja circularis,Sandy ray,Celtic Seas,Fish
105873,Leucoraja circularis,Sandy ray,Faroes,Fish
105873,Leucoraja circularis,Sandy ray,Greater North Sea,Fish
105873,Leucoraja circularis,Sandy ray,Icelandic waters,Fish
105873,Leucoraja circularis,Sandy ray,Norwegian Sea,Fish
105873,Leucoraja circularis,Sandy ray,Oceanic Northeast Atlantic,Fish
105874,Leucoraja fullonica,Shagreen ray,Azores,Fish
105874,Leucoraja fullonica,Shagreen ray,Barents Sea,Fish
105874,Leucoraja fullonica,Shagreen ray,Bay of Biscay and Iberian Coast,Fish
105874,Leucoraja fullonica,Shagreen ray,Celtic Seas,Fish
105874,Leucoraja fullonica,Shagreen ray,Faroes,Fish
105874,Leucoraja fullonica,Shagreen ray,Greater North Sea,Fish
105874,Leucoraja fullonica,Shagreen ray,Icelandic waters,Fish
105874,Leucoraja fullonica,Shagreen ray,Norwegian Sea,Fish
105874,Leucoraja fullonica,Shagreen ray,Oceanic Northeast Atlantic,Fish
105875,Leucoraja melitensis,Maltese ray,Mediterranean and Black Sea,Fish
126472,Macrourus berglax,Roughhead grenadier,Azores,Fish
126472,Macrourus berglax,Roughhead grenadier,Celtic Seas,Fish
126472,Macrourus berglax,Roughhead grenadier,Faroes,Fish
126472,Macrourus berglax,Roughhead grenadier,Greenland Sea,Fish
126472,Macrourus berglax,Roughhead grenadier,Icelandic waters,Fish
126472,Macrourus berglax,Roughhead grenadier,Oceanic Northeast Atlantic,Fish
126950,Makaira nigricans,Blue marlin,Azores,Fish
137092,Megaptera novaeangliae,Humpback whale,Arctic Ocean,Mammals
137092,Megaptera novaeangliae,Humpback whale,Azores,Mammals
137092,Megaptera novaeangliae,Humpback whale,Baltic Sea,Mammals
137092,Megaptera novaeangliae,Humpback whale,Barents Sea,Mammals
137092,Megaptera novaeangliae,Humpback whale,Bay of Biscay and Iberian Coast,Mammals
137092,Megaptera novaeangliae,Humpback whale,Celtic Seas,Mammals
137092,Megaptera novaeangliae,Humpback whale,Faroes,Mammals
137092,Megaptera novaeangliae,Humpback whale,Greater North Sea,Mammals
137092,Megaptera novaeangliae,Humpback whale,Greenland Sea,Mammals
137092,Megaptera novaeangliae,Humpback whale,Icelandic waters,Mammals
137092,Megaptera novaeangliae,Humpback whale,Norwegian Sea,Mammals
137092,Megaptera novaeangliae,Humpback whale,Oceanic Northeast Atlantic,Mammals
137072,Melanitta fusca,Velvet scoter,Baltic Sea,Birds
137072,Melanitta fusca,Velvet scoter,Barents Sea,Birds
137072,Melanitta fusca,Velvet scoter,Celtic Seas,Birds
137072,Melanitta fusca,Velvet scoter,Greater North Sea,Birds
137072,Melanitta fusca,Velvet scoter,Norwegian Sea,Birds
137073,Melanitta nigra,Black scoter,Azores,Birds
137073,Melanitta nigra,Black scoter,Baltic Sea,Birds
137073,Melanitta nigra,Black scoter,Barents Sea,Birds
137073,Melanitta nigra,Black scoter,Bay of Biscay and Iberian Coast,Birds
137073,Melanitta nigra,Black scoter,Celtic Seas,Birds
137073,Melanitta nigra,Black scoter,Greater North Sea,Birds
137073,Melanitta nigra,Black scoter,Icelandic waters,Birds
137073,Melanitta nigra,Black scoter,Norwegian Sea,Birds
232039,Mergellus albellus,Smew,Baltic Sea,Birds
232039,Mergellus albellus,Smew,Barents Sea,Birds
232039,Mergellus albellus,Smew,Greater North Sea,Birds
232039,Mergellus albellus,Smew,Icelandic waters,Birds
232039,Mergellus albellus,Smew,Norwegian Sea,Birds
159097,Mergus merganser,Goosander,Baltic Sea,Birds
159097,Mergus merganser,Goosander,Barents Sea,Birds
159097,Mergus merganser,Goosander,Greater North Sea,Birds
159097,Mergus merganser,Goosander,Icelandic waters,Birds
159097,Mergus merganser,Goosander,Norwegian Sea,Birds
159098,Mergus serrator,Red-breasted merganser,Baltic Sea,Birds
159098,Mergus serrator,Red-breasted merganser,Barents Sea,Birds
159098,Mergus serrator,Red-breasted merganser,Bay of Biscay and Iberian Coast,Birds
159098,Mergus serrator,Red-breasted merganser,Celtic Seas,Birds
159098,Mergus serrator,Red-breasted merganser,Faroes,Birds
159098,Mergus serrator,Red-breasted merganser,Greater North Sea,Birds
159098,Mergus serrator,Red-breasted merganser,Greenland Sea,Birds
159098,Mergus serrator,Red-breasted merganser,Icelandic waters,Birds
159098,Mergus serrator,Red-breasted merganser,Norwegian Sea,Birds
137121,Mesoplodon bidens,Sowerby's beaked whale,Azores,Mammals
137121,Mesoplodon bidens,Sowerby's beaked whale,Bay of Biscay and Iberian Coast,Mammals
137121,Mesoplodon bidens,Sowerby's beaked whale,Celtic Seas,Mammals
137121,Mesoplodon bidens,Sowerby's beaked whale,Faroes,Mammals
137121,Mesoplodon bidens,Sowerby's beaked whale,Greater North Sea,Mammals
137121,Mesoplodon bidens,Sowerby's beaked whale,Icelandic waters,Mammals
137121,Mesoplodon bidens,Sowerby's beaked whale,Norwegian Sea,Mammals
137121,Mesoplodon bidens,Sowerby's beaked whale,Oceanic Northeast Atlantic,Mammals
137122,Mesoplodon densirostris,Blainville's beaked whale,Azores,Mammals
137122,Mesoplodon densirostris,Blainville's beaked whale,Oceanic Northeast Atlantic,Mammals
137123,Mesoplodon europaeus,Gervais' beaked whale,Azores,Mammals
137123,Mesoplodon europaeus,Gervais' beaked whale,Oceanic Northeast Atlantic,Mammals
137126,Mesoplodon mirus,True's beaked whale,Azores,Mammals
137126,Mesoplodon mirus,True's beaked whale,Oceanic Northeast Atlantic,Mammals
105858,Mobula mobular,Devil fish,Azores,Fish
105858,Mobula mobular,Devil fish,Bay of Biscay and Iberian Coast,Fish
105858,Mobula mobular,Devil fish,Oceanic Northeast Atlantic,Fish
127405,Mola mola,Ocean sunfish,Azores,Fish
127405,Mola mola,Ocean sunfish,Bay of Biscay and Iberian Coast,Fish
127405,Mola mola,Ocean sunfish,Celtic Seas,Fish
127405,Mola mola,Ocean sunfish,Faroes,Fish
127405,Mola mola,Ocean sunfish,Greater North Sea,Fish
127405,Mola mola,Ocean sunfish,Oceanic Northeast Atlantic,Fish
126459,Molva dypterygia,Blue ling,Barents Sea,Fish
126459,Molva dypterygia,Blue ling,Oceanic Northeast Atlantic,Fish
137116,Monodon monoceros,Narwhal,Arctic Ocean,Mammals
137116,Monodon monoceros,Narwhal,Barents Sea,Mammals
137116,Monodon monoceros,Narwhal,Greenland Sea,Mammals
137116,Monodon monoceros,Narwhal,Icelandic waters,Mammals
148776,Morus bassanus,Northern gannet,Azores,Birds
148776,Morus bassanus,Northern gannet,Baltic Sea,Birds
148776,Morus bassanus,Northern gannet,Barents Sea,Birds
148776,Morus bassanus,Northern gannet,Bay of Biscay and Iberian Coast,Birds
148776,Morus bassanus,Northern gannet,Celtic Seas,Birds
148776,Morus bassanus,Northern gannet,Faroes,Birds
148776,Morus bassanus,Northern gannet,Greater North Sea,Birds
148776,Morus bassanus,Northern gannet,Greenland Sea,Birds
148776,Morus bassanus,Northern gannet,Icelandic waters,Birds
148776,Morus bassanus,Northern gannet,Norwegian Sea,Birds
148776,Morus bassanus,Northern gannet,Oceanic Northeast Atlantic,Birds
105822,Mustelus mustelus,Smooth-hound,Bay of Biscay and Iberian Coast,Fish
105823,Mustelus punctulatus,Blackspotted smooth-hound,Bay of Biscay and Iberian Coast,Fish
127038,Mycteroperca fusca,Island grouper,Azores,Fish
105860,Myliobatis aquila,Common eagle ray,Azores,Fish
105860,Myliobatis aquila,Common eagle ray,Bay of Biscay and Iberian Coast,Fish
105860,Myliobatis aquila,Common eagle ray,Celtic Seas,Fish
105860,Myliobatis aquila,Common eagle ray,Greater North Sea,Fish
137077,Odobenus rosmarus,Walrus,Arctic Ocean,Mammals
137077,Odobenus rosmarus,Walrus,Barents Sea,Mammals
137077,Odobenus rosmarus,Walrus,Celtic Seas,Mammals
137077,Odobenus rosmarus,Walrus,Greater North Sea,Mammals
137077,Odobenus rosmarus,Walrus,Greenland Sea,Mammals
137077,Odobenus rosmarus,Walrus,Icelandic waters,Mammals
137077,Odobenus rosmarus,Walrus,Norwegian Sea,Mammals
105844,Odontaspis ferox,Smalltooth sand tiger,Azores,Fish
105844,Odontaspis ferox,Smalltooth sand tiger,Bay of Biscay and Iberian Coast,Fish
105844,Odontaspis ferox,Smalltooth sand tiger shark,Mediterranean and Black Sea,Fish
137102,Orcinus orca,Killer whale,Arctic Ocean,Mammals
137102,Orcinus orca,Killer whale,Azores,Mammals
137102,Orcinus orca,Killer whale,Baltic Sea,Mammals
137102,Orcinus orca,Killer whale,Barents Sea,Mammals
137102,Orcinus orca,Killer whale,Bay of Biscay and Iberian Coast,Mammals
137102,Orcinus orca,Killer whale,Celtic Seas,Mammals
137102,Orcinus orca,Killer whale,Faroes,Mammals
137102,Orcinus orca,Killer whale,Greater North Sea,Mammals
137102,Orcinus orca,Killer whale,Greenland Sea,Mammals
137102,Orcinus orca,Killer whale,Icelandic waters,Mammals
137102,Orcinus orca,Killer whale,Norwegian Sea,Mammals
137102,Orcinus orca,Killer whale,Oceanic Northeast Atlantic,Mammals
105914,Oxynotus centrina,Angular roughshark,Bay of Biscay and Iberian Coast,Fish
105914,Oxynotus centrina,Angular roughshark,Celtic Seas,Fish
105914,Oxynotus centrina,Angular roughshark,Greater North Sea,Fish
105914,Oxynotus centrina,Angular roughshark,Oceanic Northeast Atlantic,Fish
105915,Oxynotus paradoxus,Sailfin roughshark,Azores,Fish
105915,Oxynotus paradoxus,Sailfin roughshark,Celtic Seas,Fish
105915,Oxynotus paradoxus,Sailfin roughshark,Faroes,Fish
105915,Oxynotus paradoxus,Sailfin roughshark,Greater North Sea,Fish
105915,Oxynotus paradoxus,Sailfin roughshark,Oceanic Northeast Atlantic,Fish
127059,Pagellus bogaraveo,Blackspot seabream,Azores,Fish
127059,Pagellus bogaraveo,Blackspot seabream,Bay of Biscay and Iberian Coast,Fish
127059,Pagellus bogaraveo,Blackspot seabream,Celtic Seas,Fish
127059,Pagellus bogaraveo,Blackspot seabream,Oceanic Northeast Atlantic,Fish
137154,Pagophila eburnea,Ivory gull,Arctic Ocean,Birds
137154,Pagophila eburnea,Ivory gull,Barents Sea,Birds
137154,Pagophila eburnea,Ivory gull,Greenland Sea,Birds
159019,Pagophilus groenlandicus,Harp seal,Arctic Ocean,Mammals
159019,Pagophilus groenlandicus,Harp seal,Barents Sea,Mammals
159019,Pagophilus groenlandicus,Harp seal,Greater North Sea,Mammals
159019,Pagophilus groenlandicus,Harp seal,Greenland Sea,Mammals
159019,Pagophilus groenlandicus,Harp seal,Icelandic waters,Mammals
159019,Pagophilus groenlandicus,Harp seal,Norwegian Sea,Mammals
137103,Peponocephala electra,Melon-headed whale,Oceanic Northeast Atlantic,Mammals
101174,Petromyzon marinus,Sea lamprey,Baltic Sea,Fish
137179,Phalacrocorax carbo,Great cormorant,Baltic Sea,Birds
137179,Phalacrocorax carbo,Great cormorant,Barents Sea,Birds
137179,Phalacrocorax carbo,Great cormorant,Bay of Biscay and Iberian Coast,Birds
137179,Phalacrocorax carbo,Great cormorant,Celtic Seas,Birds
137179,Phalacrocorax carbo,Great cormorant,Faroes,Birds
137179,Phalacrocorax carbo,Great cormorant,Greater North Sea,Birds
137179,Phalacrocorax carbo,Great cormorant,Greenland Sea,Birds
137179,Phalacrocorax carbo,Great cormorant,Icelandic waters,Birds
137179,Phalacrocorax carbo,Great cormorant,Norwegian Sea,Birds
137084,Phoca vitulina,Harbour seal,Baltic Sea,Mammals
137084,Phoca vitulina,Harbour seal,Barents Sea,Mammals
137084,Phoca vitulina,Harbour seal,Celtic Seas,Mammals
137084,Phoca vitulina,Harbour seal,Greater North Sea,Mammals
137084,Phoca vitulina,Harbour seal,Greenland Sea,Mammals
137084,Phoca vitulina,Harbour seal,Icelandic waters,Mammals
137084,Phoca vitulina,Harbour seal,Norwegian Sea,Mammals
137117,Phocoena phocoena,Harbour porpoise,Baltic Sea,Mammals
137117,Phocoena phocoena,Harbour porpoise,Barents Sea,Mammals
137117,Phocoena phocoena,Harbour porpoise,Bay of Biscay and Iberian Coast,Mammals
137117,Phocoena phocoena,Harbour porpoise,Celtic Seas,Mammals
137117,Phocoena phocoena,Harbour porpoise,Faroes,Mammals
137117,Phocoena phocoena,Harbour porpoise,Greater North Sea,Mammals
137117,Phocoena phocoena,Harbour porpoise,Greenland Sea,Mammals
137117,Phocoena phocoena,Harbour porpoise,Icelandic waters,Mammals
137117,Phocoena phocoena,Harbour porpoise,Norwegian Sea,Mammals
137117,Phocoena phocoena,Harbour porpoise,Oceanic Northeast Atlantic,Mammals
126501,Phycis blennoides,Greater forkbeard,Faroes,Fish
126501,Phycis blennoides,Greater forkbeard,Icelandic waters,Fish
126501,Phycis blennoides,Greater forkbeard,Norwegian Sea,Fish
137119,Physeter macrocephalus,Sperm whale,Arctic Ocean,Mammals
137119,Physeter macrocephalus,Sperm whale,Azores,Mammals
137119,Physeter macrocephalus,Sperm whale,Barents Sea,Mammals
137119,Physeter macrocephalus,Sperm whale,Bay of Biscay and Iberian Coast,Mammals
137119,Physeter macrocephalus,Sperm whale,Celtic Seas,Mammals
137119,Physeter macrocephalus,Sperm whale,Faroes,Mammals
137119,Physeter macrocephalus,Sperm whale,Greater North Sea,Mammals
137119,Physeter macrocephalus,Sperm whale,Greenland Sea,Mammals
137119,Physeter macrocephalus,Sperm whale,Icelandic waters,Mammals
137119,Physeter macrocephalus,Sperm whale,Norwegian Sea,Mammals
137119,Physeter macrocephalus,Sperm whale,Oceanic Northeast Atlantic,Mammals
137181,Podiceps auritus,Horned grebe,Baltic Sea,Birds
137181,Podiceps auritus,Horned grebe,Bay of Biscay and Iberian Coast,Birds
137181,Podiceps auritus,Horned grebe,Celtic Seas,Birds
137181,Podiceps auritus,Horned grebe,Faroes,Birds
137181,Podiceps auritus,Horned grebe,Greater North Sea,Birds
137181,Podiceps auritus,Horned grebe,Norwegian Sea,Birds
137182,Podiceps cristatus,Great crested grebe,Baltic Sea,Birds
137182,Podiceps cristatus,Great crested grebe,Bay of Biscay and Iberian Coast,Birds
137182,Podiceps cristatus,Great crested grebe,Celtic Seas,Birds
137182,Podiceps cristatus,Great crested grebe,Greater North Sea,Birds
137182,Podiceps cristatus,Great crested grebe,Norwegian Sea,Birds
137183,Podiceps grisegena,Red-necked grebe,Baltic Sea,Birds
137183,Podiceps grisegena,Red-necked grebe,Barents Sea,Birds
137183,Podiceps grisegena,Red-necked grebe,Bay of Biscay and Iberian Coast,Birds
137183,Podiceps grisegena,Red-necked grebe,Celtic Seas,Birds
137183,Podiceps grisegena,Red-necked grebe,Faroes,Birds
137183,Podiceps grisegena,Red-necked grebe,Greater North Sea,Birds
137183,Podiceps grisegena,Red-necked grebe,Norwegian Sea,Birds
137184,Podiceps nigricollis,Black-necked grebe,Baltic Sea,Birds
137184,Podiceps nigricollis,Black-necked grebe,Bay of Biscay and Iberian Coast,Birds
137184,Podiceps nigricollis,Black-necked grebe,Celtic Seas,Birds
137184,Podiceps nigricollis,Black-necked grebe,Greater North Sea,Birds
232041,Polysticta stelleri,Steller's eider,Baltic Sea,Birds
232041,Polysticta stelleri,Steller's eider,Barents Sea,Birds
232041,Polysticta stelleri,Steller's eider,Icelandic waters,Birds
232041,Polysticta stelleri,Steller's eider,Norwegian Sea,Birds
137104,Pseudorca crassidens,False killer whale,Azores,Mammals
137104,Pseudorca crassidens,False killer whale,Bay of Biscay and Iberian Coast,Mammals
137104,Pseudorca crassidens,False killer whale,Oceanic Northeast Atlantic,Mammals
514084,Puffinus baroli,Barolo shearwater,Azores,Birds
514084,Puffinus baroli,Barolo shearwater,Bay of Biscay and Iberian Coast,Birds
514084,Puffinus baroli,Barolo shearwater,Oceanic Northeast Atlantic,Birds
137201,Puffinus gravis,Great shearwater,Azores,Birds
137201,Puffinus gravis,Great shearwater,Bay of Biscay and Iberian Coast,Birds
137201,Puffinus gravis,Great shearwater,Celtic Seas,Birds
137201,Puffinus gravis,Great shearwater,Faroes,Birds
137201,Puffinus gravis,Great shearwater,Greater North Sea,Birds
137201,Puffinus gravis,Great shearwater,Greenland Sea,Birds
137201,Puffinus gravis,Great shearwater,Icelandic waters,Birds
137201,Puffinus gravis,Great shearwater,Norwegian Sea,Birds
137201,Puffinus gravis,Great shearwater,Oceanic Northeast Atlantic,Birds
445503,Puffinus mauretanicus,Balearic shearwater,Azores,Birds
445503,Puffinus mauretanicus,Balearic shearwater,Bay of Biscay and Iberian Coast,Birds
445503,Puffinus mauretanicus,Balearic shearwater,Celtic Seas,Birds
445503,Puffinus mauretanicus,Balearic shearwater,Greater North Sea,Birds
445503,Puffinus mauretanicus,Balearic shearwater,Oceanic Northeast Atlantic,Birds
137203,Puffinus puffinus,Manx shearwater,Azores,Birds
137203,Puffinus puffinus,Manx shearwater,Bay of Biscay and Iberian Coast,Birds
137203,Puffinus puffinus,Manx shearwater,Celtic Seas,Birds
137203,Puffinus puffinus,Manx shearwater,Faroes,Birds
137203,Puffinus puffinus,Manx shearwater,Greater North Sea,Birds
137203,Puffinus puffinus,Manx shearwater,Icelandic waters,Birds
137203,Puffinus puffinus,Manx shearwater,Norwegian Sea,Birds
137203,Puffinus puffinus,Manx shearwater,Oceanic Northeast Atlantic,Birds
159021,Pusa hispida,Ringed seal,Arctic Ocean,Mammals
159021,Pusa hispida,Ringed seal,Baltic Sea,Mammals
159021,Pusa hispida,Ringed seal,Barents Sea,Mammals
159021,Pusa hispida,Ringed seal,Greater North Sea,Mammals
159021,Pusa hispida,Ringed seal,Greenland Sea,Mammals
159021,Pusa hispida,Ringed seal,Icelandic waters,Mammals
159021,Pusa hispida,Ringed seal,Norwegian Sea,Mammals
105898,Rhinobatos rhinobatos,Common guitarfish,Bay of Biscay and Iberian Coast,Fish
105898,Rhinobatos rhinobatos,Guitarfish,Mediterranean and Black Sea,Fish
105830,Rhinochimaera atlantica,Straightnose rabbitfish,Azores,Fish
105830,Rhinochimaera atlantica,Straightnose rabbitfish,Celtic Seas,Fish
105830,Rhinochimaera atlantica,Straightnose rabbitfish,Faroes,Fish
105830,Rhinochimaera atlantica,Straightnose rabbitfish,Icelandic waters,Fish
105830,Rhinochimaera atlantica,Straightnose rabbitfish,Oceanic Northeast Atlantic,Fish
137155,Rhodostethia rosea,Ross's gull,Arctic Ocean,Birds
137155,Rhodostethia rosea,Ross's gull,Barents Sea,Birds
137155,Rhodostethia rosea,Ross's gull,Greenland Sea,Birds
137156,Rissa tridactyla,Black-legged kittiwake,Arctic Ocean,Birds
137156,Rissa tridactyla,Black-legged kittiwake,Azores,Birds
137156,Rissa tridactyla,Black-legged kittiwake,Baltic Sea,Birds
137156,Rissa tridactyla,Black-legged kittiwake,Barents Sea,Birds
137156,Rissa tridactyla,Black-legged kittiwake,Bay of Biscay and Iberian Coast,Birds
137156,Rissa tridactyla,Black-legged kittiwake,Celtic Seas,Birds
137156,Rissa tridactyla,Black-legged kittiwake,Faroes,Birds
137156,Rissa tridactyla,Black-legged kittiwake,Greater North Sea,Birds
137156,Rissa tridactyla,Black-legged kittiwake,Greenland Sea,Birds
137156,Rissa tridactyla,Black-legged kittiwake,Icelandic waters,Birds
137156,Rissa tridactyla,Black-legged kittiwake,Norwegian Sea,Birds
137156,Rissa tridactyla,Black-legged kittiwake,Oceanic Northeast Atlantic,Birds
105896,Rostroraja alba,White skate,Bay of Biscay and Iberian Coast,Fish
105896,Rostroraja alba,White skate,Celtic Seas,Fish
105896,Rostroraja alba,White skate,Greater North Sea,Fish
127186,Salmo salar,Atlantic salmon,Azores,Fish
127186,Salmo salar,Atlantic salmon,Baltic Sea,Fish
127186,Salmo salar,Atlantic salmon,Barents Sea,Fish
127186,Salmo salar,Atlantic salmon,Bay of Biscay and Iberian Coast,Fish
127186,Salmo salar,Atlantic salmon,Celtic Seas,Fish
127186,Salmo salar,Atlantic salmon,Faroes,Fish
127186,Salmo salar,Atlantic salmon,Greater North Sea,Fish
127186,Salmo salar,Atlantic salmon,Greenland Sea,Fish
127186,Salmo salar,Atlantic salmon,Icelandic waters,Fish
127186,Salmo salar,Atlantic salmon,Norwegian Sea,Fish
127186,Salmo salar,Atlantic salmon,Oceanic Northeast Atlantic,Fish
127149,Scophthalmus maximus,Turbot,Bay of Biscay and Iberian Coast,Fish
127149,Scophthalmus maximus,Turbot,Celtic Seas,Fish
127149,Scophthalmus maximus,Turbot,Faroes,Fish
127149,Scophthalmus maximus,Turbot,Icelandic waters,Fish
127149,Scophthalmus maximus,Turbot,Norwegian Sea,Fish
127254,Sebastes mentella,Beaked redfish,Faroes,Fish
127254,Sebastes mentella,Beaked redfish,Greater North Sea,Fish
127254,Sebastes mentella,Beaked redfish,Oceanic Northeast Atlantic,Fish
151324,Sebastes norvegicus,Golden redfish,Celtic Seas,Fish
151324,Sebastes norvegicus,Golden redfish,Greater North Sea,Fish
151324,Sebastes norvegicus,Golden redfish,Oceanic Northeast Atlantic,Fish
137074,Somateria mollissima,Common eider,Arctic Ocean,Birds
137074,Somateria mollissima,Common eider,Baltic Sea,Birds
137074,Somateria mollissima,Common eider,Barents Sea,Birds
137074,Somateria mollissima,Common eider,Celtic Seas,Birds
137074,Somateria mollissima,Common eider,Faroes,Birds
137074,Somateria mollissima,Common eider,Greater North Sea,Birds
137074,Somateria mollissima,Common eider,Greenland Sea,Birds
137074,Somateria mollissima,Common eider,Icelandic waters,Birds
137074,Somateria mollissima,Common eider,Norwegian Sea,Birds
137075,Somateria spectabilis,King eider,Arctic Ocean,Birds
137075,Somateria spectabilis,King eider,Baltic Sea,Birds
137075,Somateria spectabilis,King eider,Barents Sea,Birds
137075,Somateria spectabilis,King eider,Greater North Sea,Birds
137075,Somateria spectabilis,King eider,Greenland Sea,Birds
137075,Somateria spectabilis,King eider,Norwegian Sea,Birds
105919,Somniosus microcephalus,Greenland shark,Azores,Fish
105919,Somniosus microcephalus,Greenland shark,Celtic Seas,Fish
105919,Somniosus microcephalus,Greenland shark,Faroes,Fish
105919,Somniosus microcephalus,Greenland shark,Greenland Sea,Fish
105919,Somniosus microcephalus,Greenland shark,Icelandic waters,Fish
105919,Somniosus microcephalus,Greenland shark,Oceanic Northeast Atlantic,Fish
105819,Sphyrna zygaena,Smooth hammerhead,Azores,Fish
105819,Sphyrna zygaena,Smooth hammerhead,Bay of Biscay and Iberian Coast,Fish
105819,Sphyrna zygaena,Smooth hammerhead,Celtic Seas,Fish
105819,Sphyrna zygaena,Smooth hammerhead,Oceanic Northeast Atlantic,Fish
105923,Squalus acanthias,Picked dogfish,Faroes,Fish
105923,Squalus acanthias,Picked dogfish,Greenland Sea,Fish
105923,Squalus acanthias,Picked dogfish,Icelandic waters,Fish
105923,Squalus acanthias,Picked dogfish,Norwegian Sea,Fish
105924,Squalus blainville,Longnose spurdog,Bay of Biscay and Iberian Coast,Fish
105926,Squatina aculeata,Angel shark,Mediterranean and Black Sea,Fish
105927,Squatina oculata,Angel shark,Mediterranean and Black Sea,Fish
105928,Squatina squatina,Angelshark,Bay of Biscay and Iberian Coast,Fish
105928,Squatina squatina,Angelshark,Celtic Seas,Fish
105928,Squatina squatina,Angelshark,Greater North Sea,Fish
105928,Squatina squatina,Angel shark,Mediterranean and Black Sea,Fish
137107,Stenella coeruleoalba,Striped dolphin,Azores,Mammals
137107,Stenella coeruleoalba,Striped dolphin,Bay of Biscay and Iberian Coast,Mammals
137107,Stenella coeruleoalba,Striped dolphin,Celtic Seas,Mammals
137107,Stenella coeruleoalba,Striped dolphin,Greater North Sea,Mammals
137107,Stenella coeruleoalba,Striped dolphin,Icelandic waters,Mammals
137107,Stenella coeruleoalba,Striped dolphin,Oceanic Northeast Atlantic,Mammals
137108,Stenella frontalis,Atlantic spotted dolphin,Azores,Mammals
137108,Stenella frontalis,Atlantic spotted dolphin,Bay of Biscay and Iberian Coast,Mammals
137108,Stenella frontalis,Atlantic spotted dolphin,Oceanic Northeast Atlantic,Mammals
137110,Steno bredanensis,Rough-toothed dolphin,Oceanic Northeast Atlantic,Mammals
137171,Stercorarius longicaudus,Long-tailed skua,Arctic Ocean,Birds
137171,Stercorarius longicaudus,Long-tailed skua,Barents Sea,Birds
137171,Stercorarius longicaudus,Long-tailed skua,Bay of Biscay and Iberian Coast,Birds
137171,Stercorarius longicaudus,Long-tailed skua,Celtic Seas,Birds
137171,Stercorarius longicaudus,Long-tailed skua,Faroes,Birds
137171,Stercorarius longicaudus,Long-tailed skua,Greater North Sea,Birds
137171,Stercorarius longicaudus,Long-tailed skua,Greenland Sea,Birds
137171,Stercorarius longicaudus,Long-tailed skua,Icelandic waters,Birds
137171,Stercorarius longicaudus,Long-tailed skua,Norwegian Sea,Birds
137171,Stercorarius longicaudus,Long-tailed skua,Oceanic Northeast Atlantic,Birds
422607,Stercorarius maccormicki,South Polar skua,Oceanic Northeast Atlantic,Birds
137172,Stercorarius parasiticus,Arctic skua,Arctic Ocean,Birds
137172,Stercorarius parasiticus,Arctic skua,Azores,Birds
137172,Stercorarius parasiticus,Arctic skua,Baltic Sea,Birds
137172,Stercorarius parasiticus,Arctic skua,Barents Sea,Birds
137172,Stercorarius parasiticus,Arctic skua,Bay of Biscay and Iberian Coast,Birds
137172,Stercorarius parasiticus,Arctic skua,Celtic Seas,Birds
137172,Stercorarius parasiticus,Arctic skua,Faroes,Birds
137172,Stercorarius parasiticus,Arctic skua,Greater North Sea,Birds
137172,Stercorarius parasiticus,Arctic skua,Greenland Sea,Birds
137172,Stercorarius parasiticus,Arctic skua,Icelandic waters,Birds
137172,Stercorarius parasiticus,Arctic skua,Norwegian Sea,Birds
137172,Stercorarius parasiticus,Arctic skua,Oceanic Northeast Atlantic,Birds
137173,Stercorarius pomarinus,Pomarine skua,Arctic Ocean,Birds
137173,Stercorarius pomarinus,Pomarine skua,Azores,Birds
137173,Stercorarius pomarinus,Pomarine skua,Barents Sea,Birds
137173,Stercorarius pomarinus,Pomarine skua,Bay of Biscay and Iberian Coast,Birds
137173,Stercorarius pomarinus,Pomarine skua,Celtic Seas,Birds
137173,Stercorarius pomarinus,Pomarine skua,Faroes,Birds
137173,Stercorarius pomarinus,Pomarine skua,Greater North Sea,Birds
137173,Stercorarius pomarinus,Pomarine skua,Greenland Sea,Birds
137173,Stercorarius pomarinus,Pomarine skua,Icelandic waters,Birds
137173,Stercorarius pomarinus,Pomarine skua,Norwegian Sea,Birds
137173,Stercorarius pomarinus,Pomarine skua,Oceanic Northeast Atlantic,Birds
137174,Stercorarius skua,Great skua,Arctic Ocean,Birds
137174,Stercorarius skua,Great skua,Azores,Birds
137174,Stercorarius skua,Great skua,Barents Sea,Birds
137174,Stercorarius skua,Great skua,Bay of Biscay and Iberian Coast,Birds
137174,Stercorarius skua,Great skua,Celtic Seas,Birds
137174,Stercorarius skua,Great skua,Faroes,Birds
137174,Stercorarius skua,Great skua,Greater North Sea,Birds
137174,Stercorarius skua,Great skua,Greenland Sea,Birds
137174,Stercorarius skua,Great skua,Icelandic waters,Birds
137174,Stercorarius skua,Great skua,Norwegian Sea,Birds
137174,Stercorarius skua,Great skua,Oceanic Northeast Atlantic,Birds
154375,Thymallus thymallus,Grayling,Baltic Sea,Fish
126482,Trachyrincus scabrus,Roughsnout grenadier ,Azores,Fish
126482,Trachyrincus scabrus,Roughsnout grenadier ,Bay of Biscay and Iberian Coast,Fish
126482,Trachyrincus scabrus,Roughsnout grenadier ,Celtic Seas,Fish
126482,Trachyrincus scabrus,Roughsnout grenadier,Oceanic Northeast Atlantic,Fish
137111,Tursiops truncatus,Bottlenose dolphin,Azores,Mammals
137111,Tursiops truncatus,Bottlenose dolphin,Baltic Sea,Mammals
137111,Tursiops truncatus,Bottlenose dolphin,Bay of Biscay and Iberian Coast,Mammals
137111,Tursiops truncatus,Bottlenose dolphin,Celtic Seas,Mammals
137111,Tursiops truncatus,Bottlenose dolphin,Faroes,Mammals
137111,Tursiops truncatus,Bottlenose dolphin,Greater North Sea,Mammals
137111,Tursiops truncatus,Bottlenose dolphin,Norwegian Sea,Mammals
137111,Tursiops truncatus,Bottlenose dolphin,Oceanic Northeast Atlantic,Mammals
127012,Umbrina cirrosa,Shi drum,Bay of Biscay and Iberian Coast,Fish
127012,Umbrina cirrosa,Shi drum,Celtic Seas,Fish
127012,Umbrina cirrosa,Shi drum,Greater North Sea,Fish
137133,Uria aalge,Common murre,Baltic Sea,Birds
137133,Uria aalge,Common murre,Barents Sea,Birds
137133,Uria aalge,Common murre,Bay of Biscay and Iberian Coast,Birds
137133,Uria aalge,Common murre,Celtic Seas,Birds
137133,Uria aalge,Common murre,Faroes,Birds
137133,Uria aalge,Common murre,Greater North Sea,Birds
137133,Uria aalge,Common murre,Greenland Sea,Birds
137133,Uria aalge,Common murre,Icelandic waters,Birds
137133,Uria aalge,Common murre,Norwegian Sea,Birds
137133,Uria aalge,Common murre,Oceanic Northeast Atlantic,Birds
137134,Uria lomvia,Thick-billed murre,Arctic Ocean,Birds
137134,Uria lomvia,Thick-billed murre,Barents Sea,Birds
137134,Uria lomvia,Thick-billed murre,Faroes,Birds
137134,Uria lomvia,Thick-billed murre,Greater North Sea,Birds
137134,Uria lomvia,Thick-billed murre,Greenland Sea,Birds
137134,Uria lomvia,Thick-billed murre,Icelandic waters,Birds
137134,Uria lomvia,Thick-billed murre,Norwegian Sea,Birds
137167,Xema sabini,Sabine's gull,Arctic Ocean,Birds
137167,Xema sabini,Sabine's gull,Barents Sea,Birds
137167,Xema sabini,Sabine's gull,Bay of Biscay and Iberian Coast,Birds
137167,Xema sabini,Sabine's gull,Celtic Seas,Birds
137167,Xema sabini,Sabine's gull,Greater North Sea,Birds
137167,Xema sabini,Sabine's gull,Greenland Sea,Birds
127427,Zeus faber,John dory,Azores,Fish
127427,Zeus faber,John dory,Bay of Biscay and Iberian Coast,Fish
127427,Zeus faber,John dory,Celtic Seas,Fish
127427,Zeus faber,John dory,Greater North Sea,Fish
127427,Zeus faber,John dory,Oceanic Northeast Atlantic,Fish
137127,Ziphius cavirostris,Cuvier's beaked whale,Azores,Mammals
137127,Ziphius cavirostris,Cuvier's beaked whale,Bay of Biscay and Iberian Coast,Mammals
137127,Ziphius cavirostris,Cuvier's beaked whale,Celtic Seas,Mammals
137127,Ziphius cavirostris,Cuvier's beaked whale,Icelandic waters,Mammals
137127,Ziphius cavirostris,Cuvier's beaked whale,Oceanic Northeast Atlantic,Mammals
