aphiaid,species,ecoregion,taxon
151802,acipenser oxyrinchus,baltic sea,fish
126279,acipenser sturio,greater north sea,fish
126279,acipenser sturio,celtic seas,fish
126279,acipenser sturio,bay of biscay and the iberian coast,fish
105807,apristurus laurussonii,greenland sea,fish
105807,apristurus laurussonii,icelandic waters,fish
105807,apristurus laurussonii,faroes,fish
105807,apristurus laurussonii,celtic seas,fish
105807,apristurus laurussonii,oceanic northeast atlantic,fish
137128,alca torda,barents sea,birds
137128,alca torda,norwegian sea,birds
137128,alca torda,faroes,birds
137128,alca torda,icelandic waters,birds
137128,alca torda,greenland sea,birds
137128,alca torda,oceanic northeast atlantic,birds
137128,alca torda,bay of biscay and the iberian coast,birds
137128,alca torda,celtic seas,birds
137128,alca torda,greater north sea,birds
137128,alca torda,baltic sea,birds
105863,amblyraja hyperborea,arcticocean,fish
105863,amblyraja hyperborea,greenland sea,fish
105863,amblyraja hyperborea,barents sea,fish
105863,amblyraja hyperborea,norwegian sea,fish
105863,amblyraja hyperborea,icelandic waters,fish
105863,amblyraja hyperborea,faroes,fish
105865,amblyraja radiata,greenland sea,fish
105865,amblyraja radiata,faroes,fish
105865,amblyraja radiata,celtic seas,fish
126682,alepocephalus bairdii,greenland sea,fish
126682,alepocephalus bairdii,faroes,fish
126682,alepocephalus bairdii,celtic seas,fish
126682,alepocephalus bairdii,oceanic northeast atlantic,fish
126682,alepocephalus bairdii,bay of biscay and the iberian coast,fish
137129,alle alle,barents sea,birds
137129,alle alle,norwegian sea,birds
137129,alle alle,faroes,birds
137129,alle alle,icelandic waters,birds
137129,alle alle,greenland sea,birds
137129,alle alle,arcticocean,birds
137129,alle alle,oceanic northeast atlantic,birds
137129,alle alle,celtic seas,birds
137129,alle alle,greater north sea,birds
126757,anarhichas denticulatus,greenland sea,fish
126757,anarhichas denticulatus,barents sea,fish
126757,anarhichas denticulatus,norwegian sea,fish
126757,anarhichas denticulatus,icelandic waters,fish
126757,anarhichas denticulatus,faroes,fish
126757,anarhichas denticulatus,oceanic northeast atlantic,fish
126758,anarhichas lupus,greenland sea,fish
126758,anarhichas lupus,barents sea,fish
126758,anarhichas lupus,norwegian sea,fish
126758,anarhichas lupus,faroes,fish
126758,anarhichas lupus,baltic sea,fish
126758,anarhichas lupus,greater north sea,fish
126758,anarhichas lupus,celtic seas,fish
126758,anarhichas lupus,oceanic northeast atlantic,fish
126759,anarhichas minor,greenland sea,fish
126759,anarhichas minor,barents sea,fish
126759,anarhichas minor,norwegian sea,fish
126759,anarhichas minor,faroes,fish
126759,anarhichas minor,greater north sea,fish
126759,anarhichas minor,celtic seas,fish
126759,anarhichas minor,oceanic northeast atlantic,fish
126413,alosa alosa,baltic sea,fish
126413,alosa alosa,greater north sea,fish
126413,alosa alosa,celtic seas,fish
126413,alosa alosa,bay of biscay and the iberian coast,fish
126415,alosa fallax,icelandic waters,fish
126415,alosa fallax,faroes,fish
126415,alosa fallax,baltic sea,fish
126415,alosa fallax,greater north sea,fish
126415,alosa fallax,celtic seas,fish
126415,alosa fallax,bay of biscay and the iberian coast,fish
105727,apristurus,greenland sea,fish
105727,apristurus,icelandic waters,fish
105727,apristurus,faroes,fish
105727,apristurus,celtic seas,fish
105727,apristurus,oceanic northeast atlantic,fish
105727,apristurus,azores,fish
105727,apristurus,bay of biscay and the iberian coast,fish
137201,puffinus gravis,norwegian sea,birds
137201,puffinus gravis,faroes,birds
137201,puffinus gravis,icelandic waters,birds
137201,puffinus gravis,greenland sea,birds
137201,puffinus gravis,oceanic northeast atlantic,birds
137201,puffinus gravis,azores,birds
137201,puffinus gravis,bay of biscay and the iberian coast,birds
137201,puffinus gravis,celtic seas,birds
137201,puffinus gravis,greater north sea,birds
137202,puffinus griseus,norwegian sea,birds
137202,puffinus griseus,faroes,birds
137202,puffinus griseus,icelandic waters,birds
137202,puffinus griseus,greenland sea,birds
137202,puffinus griseus,oceanic northeast atlantic,birds
137202,puffinus griseus,azores,birds
137202,puffinus griseus,bay of biscay and the iberian coast,birds
137202,puffinus griseus,celtic seas,birds
137202,puffinus griseus,greater north sea,birds
127007,argyrosomus regius,bay of biscay and the iberian coast,fish
232037,aythya ferina,norwegian sea,birds
232037,aythya ferina,icelandic waters,birds
232037,aythya ferina,bay of biscay and the iberian coast,birds
232037,aythya ferina,celtic seas,birds
232037,aythya ferina,greater north sea,birds
232037,aythya ferina,baltic sea,birds
159164,aythya fuligula,barents sea,birds
159164,aythya fuligula,norwegian sea,birds
159164,aythya fuligula,faroes,birds
159164,aythya fuligula,icelandic waters,birds
159164,aythya fuligula,azores,birds
159164,aythya fuligula,bay of biscay and the iberian coast,birds
159164,aythya fuligula,celtic seas,birds
159164,aythya fuligula,greater north sea,birds
159164,aythya fuligula,baltic sea,birds
159172,aythya marila,barents sea,birds
159172,aythya marila,norwegian sea,birds
159172,aythya marila,faroes,birds
159172,aythya marila,icelandic waters,birds
159172,aythya marila,bay of biscay and the iberian coast,birds
159172,aythya marila,celtic seas,birds
159172,aythya marila,greater north sea,birds
159172,aythya marila,baltic sea,birds
137086,balaena mysticetus,barents sea,mammals
137086,balaena mysticetus,norwegian sea,mammals
137086,balaena mysticetus,greenland sea,mammals
137086,balaena mysticetus,arcticocean,mammals
137087,balaenoptera acutorostrata,norwegian sea,mammals
137087,balaenoptera acutorostrata,faroes,mammals
137087,balaenoptera acutorostrata,icelandic waters,mammals
137087,balaenoptera acutorostrata,greenland sea,mammals
137087,balaenoptera acutorostrata,arcticocean,mammals
137087,balaenoptera acutorostrata,oceanic northeast atlantic,mammals
137087,balaenoptera acutorostrata,azores,mammals
137087,balaenoptera acutorostrata,bay of biscay and the iberian coast,mammals
137087,balaenoptera acutorostrata,celtic seas,mammals
137087,balaenoptera acutorostrata,greater north sea,mammals
137087,balaenoptera acutorostrata,baltic sea,mammals
137087,balaenoptera acutorostrata,barents sea,mammals
137088,balaenoptera borealis,barents sea,mammals
137088,balaenoptera borealis,norwegian sea,mammals
137088,balaenoptera borealis,faroes,mammals
137088,balaenoptera borealis,icelandic waters,mammals
137088,balaenoptera borealis,greenland sea,mammals
137088,balaenoptera borealis,oceanic northeast atlantic,mammals
137088,balaenoptera borealis,azores,mammals
137088,balaenoptera borealis,bay of biscay and the iberian coast,mammals
137088,balaenoptera borealis,celtic seas,mammals
137088,balaenoptera borealis,greater north sea,mammals
242603,balaenoptera brydei,oceanic northeast atlantic,mammals
242603,balaenoptera brydei,azores,mammals
137090,balaenoptera musculus,barents sea,mammals
137090,balaenoptera musculus,norwegian sea,mammals
137090,balaenoptera musculus,faroes,mammals
137090,balaenoptera musculus,icelandic waters,mammals
137090,balaenoptera musculus,greenland sea,mammals
137090,balaenoptera musculus,arcticocean,mammals
137090,balaenoptera musculus,oceanic northeast atlantic,mammals
137090,balaenoptera musculus,azores,mammals
137090,balaenoptera musculus,bay of biscay and the iberian coast,mammals
137090,balaenoptera musculus,celtic seas,mammals
137091,balaenoptera physalus,barents sea,mammals
137091,balaenoptera physalus,norwegian sea,mammals
137091,balaenoptera physalus,faroes,mammals
137091,balaenoptera physalus,icelandic waters,mammals
137091,balaenoptera physalus,greenland sea,mammals
137091,balaenoptera physalus,arcticocean,mammals
137091,balaenoptera physalus,oceanic northeast atlantic,mammals
137091,balaenoptera physalus,azores,mammals
137091,balaenoptera physalus,bay of biscay and the iberian coast,mammals
137091,balaenoptera physalus,celtic seas,mammals
137091,balaenoptera physalus,greater north sea,mammals
137091,balaenoptera physalus,baltic sea,mammals
126958,bodianus scrofa,azores,fish
126783,brama brama,greenland sea,fish
126783,brama brama,norwegian sea,fish
126783,brama brama,icelandic waters,fish
126783,brama brama,faroes,fish
126783,brama brama,greater north sea,fish
126783,brama brama,celtic seas,fish
126783,brama brama,oceanic northeast atlantic,fish
126783,brama brama,azores,fish
126783,brama brama,bay of biscay and the iberian coast,fish
159197,bucephala clangula,barents sea,birds
159197,bucephala clangula,norwegian sea,birds
159197,bucephala clangula,faroes,birds
159197,bucephala clangula,icelandic waters,birds
159197,bucephala clangula,bay of biscay and the iberian coast,birds
159197,bucephala clangula,celtic seas,birds
159197,bucephala clangula,greater north sea,birds
159197,bucephala clangula,baltic sea,birds
1348497,calonectris borealis,oceanic northeast atlantic,birds
1348497,calonectris borealis,azores,birds
1348497,calonectris borealis,bay of biscay and the iberian coast,birds
1348497,calonectris borealis,celtic seas,birds
137194,calonectris diomedea,oceanic northeast atlantic,birds
137194,calonectris diomedea,azores,birds
137194,calonectris diomedea,bay of biscay and the iberian coast,birds
105789,carcharhinus falciformis,oceanic northeast atlantic,fish
105789,carcharhinus falciformis,azores,fish
105789,carcharhinus falciformis,bay of biscay and the iberian coast,fish
105794,carcharhinus longimanus,oceanic northeast atlantic,fish
105794,carcharhinus longimanus,azores,fish
105794,carcharhinus longimanus,bay of biscay and the iberian coast,fish
105838,carcharodon carcharias,oceanic northeast atlantic,fish
105838,carcharodon carcharias,azores,fish
105838,carcharodon carcharias,bay of biscay and the iberian coast,fish
105899,centrophorus granulosus,oceanic northeast atlantic,fish
105899,centrophorus granulosus,azores,fish
105899,centrophorus granulosus,bay of biscay and the iberian coast,fish
105902,centrophorus uyato,bay of biscay and the iberian coast,fish
105906,centroscyllium fabricii,greenland sea,fish
105906,centroscyllium fabricii,norwegian sea,fish
105906,centroscyllium fabricii,icelandic waters,fish
105906,centroscyllium fabricii,faroes,fish
105906,centroscyllium fabricii,greater north sea,fish
105906,centroscyllium fabricii,celtic seas,fish
105906,centroscyllium fabricii,oceanic northeast atlantic,fish
105906,centroscyllium fabricii,bay of biscay and the iberian coast,fish
280072,centroselachus crepidater ,greenland sea,fish
280072,centroselachus crepidater ,icelandic waters,fish
280072,centroselachus crepidater ,faroes,fish
280072,centroselachus crepidater ,celtic seas,fish
280072,centroselachus crepidater ,oceanic northeast atlantic,fish
280072,centroselachus crepidater ,azores,fish
280072,centroselachus crepidater ,bay of biscay and the iberian coast,fish
137130,cepphus grylle,barents sea,birds
137130,cepphus grylle,norwegian sea,birds
137130,cepphus grylle,faroes,birds
137130,cepphus grylle,icelandic waters,birds
137130,cepphus grylle,greenland sea,birds
137130,cepphus grylle,arcticocean,birds
137130,cepphus grylle,celtic seas,birds
137130,cepphus grylle,greater north sea,birds
137130,cepphus grylle,baltic sea,birds
127262,chelidonichthys lucerna,norwegian sea,fish
127262,chelidonichthys lucerna,greater north sea,fish
127262,chelidonichthys lucerna,celtic seas,fish
127262,chelidonichthys lucerna,bay of biscay and the iberian coast,fish
105824,chimaera monstrosa,greenland sea,fish
105824,chimaera monstrosa,barents sea,fish
105824,chimaera monstrosa,norwegian sea,fish
105824,chimaera monstrosa,icelandic waters,fish
105824,chimaera monstrosa,faroes,fish
105824,chimaera monstrosa,greater north sea,fish
105824,chimaera monstrosa,celtic seas,fish
105824,chimaera monstrosa,oceanic northeast atlantic,fish
105824,chimaera monstrosa,azores,fish
105824,chimaera monstrosa,bay of biscay and the iberian coast,fish
105831,chlamydoselachus anguineus,barents sea,fish
105831,chlamydoselachus anguineus,norwegian sea,fish
105831,chlamydoselachus anguineus,faroes,fish
105831,chlamydoselachus anguineus,celtic seas,fish
105831,chlamydoselachus anguineus,oceanic northeast atlantic,fish
105831,chlamydoselachus anguineus,azores,fish
105831,chlamydoselachus anguineus,bay of biscay and the iberian coast,fish
1488274,chroicocephalus genei,bay of biscay and the iberian coast,birds
137149,larus ridibundus,barents sea,birds
137149,larus ridibundus,norwegian sea,birds
137149,larus ridibundus,faroes,birds
137149,larus ridibundus,icelandic waters,birds
137149,larus ridibundus,azores,birds
137149,larus ridibundus,bay of biscay and the iberian coast,birds
137149,larus ridibundus,celtic seas,birds
137149,larus ridibundus,greater north sea,birds
137149,larus ridibundus,baltic sea,birds
137071,clangula hyemalis,barents sea,birds
137071,clangula hyemalis,norwegian sea,birds
137071,clangula hyemalis,faroes,birds
137071,clangula hyemalis,icelandic waters,birds
137071,clangula hyemalis,greenland sea,birds
137071,clangula hyemalis,arcticocean,birds
137071,clangula hyemalis,celtic seas,birds
137071,clangula hyemalis,greater north sea,birds
137071,clangula hyemalis,baltic sea,birds
126285,conger conger,norwegian sea,fish
126285,conger conger,icelandic waters,fish
126285,conger conger,faroes,fish
126285,conger conger,greater north sea,fish
126285,conger conger,celtic seas,fish
126285,conger conger,oceanic northeast atlantic,fish
126285,conger conger,azores,fish
126285,conger conger,bay of biscay and the iberian coast,fish
712453,coregonus maraena,baltic sea,fish
126139,coregonus,celtic seas,fish
126139,coregonus,greater north sea,fish
127214,cyclopterus lumpus,greenland sea,fish
127214,cyclopterus lumpus,norwegian sea,fish
127214,cyclopterus lumpus,faroes,fish
127214,cyclopterus lumpus,baltic sea,fish
127214,cyclopterus lumpus,greater north sea,fish
127214,cyclopterus lumpus,celtic seas,fish
127214,cyclopterus lumpus,oceanic northeast atlantic,fish
127214,cyclopterus lumpus,bay of biscay and the iberian coast,fish
137078,cystophora cristata,barents sea,mammals
137078,cystophora cristata,norwegian sea,mammals
137078,cystophora cristata,faroes,mammals
137078,cystophora cristata,icelandic waters,mammals
137078,cystophora cristata,greenland sea,mammals
137078,cystophora cristata,arcticocean,mammals
105851,dasyatis pastinaca,greater north sea,fish
105851,dasyatis pastinaca,celtic seas,fish
105851,dasyatis pastinaca,azores,fish
105851,dasyatis pastinaca,bay of biscay and the iberian coast,fish
105852,dasyatis tortonesei,bay of biscay and the iberian coast,fish
298167,deania calceus,icelandic waters,fish
298167,deania calceus,faroes,fish
298167,deania calceus,greater north sea,fish
298167,deania calceus,celtic seas,fish
298167,deania calceus,oceanic northeast atlantic,fish
298167,deania calceus,azores,fish
298167,deania calceus,bay of biscay and the iberian coast,fish
137115,delphinapterus leucas,barents sea,mammals
137094,delphinus delphis,oceanic northeast atlantic,mammals
137094,delphinus delphis,azores,mammals
137094,delphinus delphis,bay of biscay and the iberian coast,mammals
137094,delphinus delphis,celtic seas,mammals
137094,delphinus delphis,greater north sea,mammals
137094,delphinus delphis,baltic sea,mammals
273962,dentex dentex,bay of biscay and the iberian coast,fish
126976,dicentrarchus punctatus,celtic seas,fish
126976,dicentrarchus punctatus,bay of biscay and the iberian coast,fish
105869,dipturus batis,icelandic waters,fish
105869,dipturus batis,faroes,fish
105869,dipturus batis,oceanic northeast atlantic,fish
711846,dipturus intermedius,icelandic waters,fish
711846,dipturus intermedius,greater north sea,fish
711846,dipturus intermedius,celtic seas,fish
711846,dipturus intermedius,oceanic northeast atlantic,fish
105871,dipturus nidarosiensis,norwegian sea,fish
105871,dipturus nidarosiensis,faroes,fish
105871,dipturus nidarosiensis,greater north sea,fish
105871,dipturus nidarosiensis,celtic seas,fish
105871,dipturus nidarosiensis,oceanic northeast atlantic,fish
105871,dipturus nidarosiensis,bay of biscay and the iberian coast,fish
105872,dipturus oxyrinchus,norwegian sea,fish
105872,dipturus oxyrinchus,faroes,fish
105872,dipturus oxyrinchus,greater north sea,fish
105872,dipturus oxyrinchus,celtic seas,fish
105872,dipturus oxyrinchus,oceanic northeast atlantic,fish
105872,dipturus oxyrinchus,azores,fish
126858,epigonus telescopus,faroes,fish
126858,epigonus telescopus,celtic seas,fish
126858,epigonus telescopus,oceanic northeast atlantic,fish
126858,epigonus telescopus,azores,fish
126858,epigonus telescopus,bay of biscay and the iberian coast,fish
127036,epinephelus marginatus,azores,fish
127036,epinephelus marginatus,bay of biscay and the iberian coast,fish
137079,erignathus barbatus,barents sea,mammals
137079,erignathus barbatus,norwegian sea,mammals
137079,erignathus barbatus,faroes,mammals
137079,erignathus barbatus,icelandic waters,mammals
137079,erignathus barbatus,greenland sea,mammals
137079,erignathus barbatus,arcticocean,mammals
105911,etmopterus princeps,greenland sea,fish
105911,etmopterus princeps,icelandic waters,fish
105911,etmopterus princeps,faroes,fish
105911,etmopterus princeps,greater north sea,fish
105911,etmopterus princeps,celtic seas,fish
105911,etmopterus princeps,oceanic northeast atlantic,fish
105911,etmopterus princeps,azores,fish
105911,etmopterus princeps,bay of biscay and the iberian coast,fish
105912,etmopterus pusillus,oceanic northeast atlantic,fish
105912,etmopterus pusillus,azores,fish
105912,etmopterus pusillus,bay of biscay and the iberian coast,fish
105913,etmopterus spinax,barents sea,fish
105913,etmopterus spinax,norwegian sea,fish
105913,etmopterus spinax,icelandic waters,fish
105913,etmopterus spinax,faroes,fish
105913,etmopterus spinax,greater north sea,fish
105913,etmopterus spinax,celtic seas,fish
105913,etmopterus spinax,oceanic northeast atlantic,fish
105913,etmopterus spinax,azores,fish
105913,etmopterus spinax,bay of biscay and the iberian coast,fish
159023,eubalaena glacialis,barents sea,mammals
159023,eubalaena glacialis,norwegian sea,mammals
159023,eubalaena glacialis,icelandic waters,mammals
159023,eubalaena glacialis,azores,mammals
159023,eubalaena glacialis,bay of biscay and the iberian coast,mammals
137131,fratercula arctica,barents sea,birds
137131,fratercula arctica,norwegian sea,birds
137131,fratercula arctica,faroes,birds
137131,fratercula arctica,icelandic waters,birds
137131,fratercula arctica,greenland sea,birds
137131,fratercula arctica,oceanic northeast atlantic,birds
137131,fratercula arctica,bay of biscay and the iberian coast,birds
137131,fratercula arctica,celtic seas,birds
137131,fratercula arctica,greater north sea,birds
232054,fulica atra,norwegian sea,birds
232054,fulica atra,azores,birds
232054,fulica atra,bay of biscay and the iberian coast,birds
232054,fulica atra,celtic seas,birds
232054,fulica atra,greater north sea,birds
232054,fulica atra,baltic sea,birds
137195,fulmarus glacialis,barents sea,birds
137195,fulmarus glacialis,norwegian sea,birds
137195,fulmarus glacialis,faroes,birds
137195,fulmarus glacialis,icelandic waters,birds
137195,fulmarus glacialis,greenland sea,birds
137195,fulmarus glacialis,arcticocean,birds
137195,fulmarus glacialis,oceanic northeast atlantic,birds
137195,fulmarus glacialis,azores,birds
137195,fulmarus glacialis,bay of biscay and the iberian coast,birds
137195,fulmarus glacialis,celtic seas,birds
137195,fulmarus glacialis,greater north sea,birds
105812,galeus melastomus,norwegian sea,fish
105812,galeus melastomus,faroes,fish
105812,galeus melastomus,greater north sea,fish
105813,galeus murinus,greenland sea,fish
105813,galeus murinus,icelandic waters,fish
105813,galeus murinus,faroes,fish
105813,galeus murinus,celtic seas,fish
105813,galeus murinus,oceanic northeast atlantic,fish
105813,galeus murinus,bay of biscay and the iberian coast,fish
137185,gavia adamsii,barents sea,birds
137185,gavia adamsii,norwegian sea,birds
137185,gavia adamsii,faroes,birds
137185,gavia adamsii,baltic sea,birds
137186,gavia arctica,barents sea,birds
137186,gavia arctica,norwegian sea,birds
137186,gavia arctica,bay of biscay and the iberian coast,birds
137186,gavia arctica,celtic seas,birds
137186,gavia arctica,greater north sea,birds
137186,gavia arctica,baltic sea,birds
137187,gavia immer,barents sea,birds
137187,gavia immer,norwegian sea,birds
137187,gavia immer,faroes,birds
137187,gavia immer,icelandic waters,birds
137187,gavia immer,greenland sea,birds
137187,gavia immer,azores,birds
137187,gavia immer,bay of biscay and the iberian coast,birds
137187,gavia immer,celtic seas,birds
137187,gavia immer,greater north sea,birds
137187,gavia immer,baltic sea,birds
137188,gavia stellata,barents sea,birds
137188,gavia stellata,norwegian sea,birds
137188,gavia stellata,faroes,birds
137188,gavia stellata,icelandic waters,birds
137188,gavia stellata,greenland sea,birds
137188,gavia stellata,arcticocean,birds
137188,gavia stellata,bay of biscay and the iberian coast,birds
137188,gavia stellata,celtic seas,birds
137188,gavia stellata,greater north sea,birds
137188,gavia stellata,baltic sea,birds
1016062,glaucostegus cemiculus,bay of biscay and the iberian coast,fish
269225,glaucostegus,bay of biscay and the iberian coast,fish
137096,globicephala macrorhynchus,azores,mammals
137097,globicephala melas,barents sea,mammals
137097,globicephala melas,norwegian sea,mammals
137097,globicephala melas,faroes,mammals
137097,globicephala melas,icelandic waters,mammals
137097,globicephala melas,greenland sea,mammals
137097,globicephala melas,oceanic northeast atlantic,mammals
137097,globicephala melas,azores,mammals
137097,globicephala melas,bay of biscay and the iberian coast,mammals
137097,globicephala melas,celtic seas,mammals
137097,globicephala melas,greater north sea,mammals
126886,gobius cobitis,celtic seas,fish
126887,gobius couchi,celtic seas,fish
137098,grampus griseus,faroes,mammals
137098,grampus griseus,oceanic northeast atlantic,mammals
137098,grampus griseus,azores,mammals
137098,grampus griseus,bay of biscay and the iberian coast,mammals
137098,grampus griseus,celtic seas,mammals
137098,grampus griseus,greater north sea,mammals
105856,gymnura altavela,bay of biscay and the iberian coast,fish
137080,halichoerus grypus,barents sea,mammals
137080,halichoerus grypus,norwegian sea,mammals
137080,halichoerus grypus,faroes,mammals
137080,halichoerus grypus,icelandic waters,mammals
137080,halichoerus grypus,bay of biscay and the iberian coast,mammals
137080,halichoerus grypus,celtic seas,mammals
137080,halichoerus grypus,greater north sea,mammals
137080,halichoerus grypus,baltic sea,mammals
127251,helicolenus dactylopterus,norwegian sea,fish
127251,helicolenus dactylopterus,icelandic waters,fish
127251,helicolenus dactylopterus,faroes,fish
127251,helicolenus dactylopterus,greater north sea,fish
127251,helicolenus dactylopterus,celtic seas,fish
127251,helicolenus dactylopterus,oceanic northeast atlantic,fish
127251,helicolenus dactylopterus,azores,fish
127251,helicolenus dactylopterus,bay of biscay and the iberian coast,fish
105833,hexanchus griseus,norwegian sea,fish
105833,hexanchus griseus,icelandic waters,fish
105833,hexanchus griseus,faroes,fish
105833,hexanchus griseus,greater north sea,fish
105833,hexanchus griseus,celtic seas,fish
105833,hexanchus griseus,oceanic northeast atlantic,fish
105833,hexanchus griseus,azores,fish
105833,hexanchus griseus,bay of biscay and the iberian coast,fish
105834,hexanchus nakamurai,bay of biscay and the iberian coast,fish
154776,hippocampus guttulatus,greater north sea,fish
154776,hippocampus guttulatus,celtic seas,fish
154776,hippocampus guttulatus,azores,fish
154776,hippocampus guttulatus,bay of biscay and the iberian coast,fish
127380,hippocampus hippocampus,greater north sea,fish
127380,hippocampus hippocampus,celtic seas,fish
127380,hippocampus hippocampus,azores,fish
127380,hippocampus hippocampus,bay of biscay and the iberian coast,fish
127138,hippoglossus hippoglossus,greenland sea,fish
127138,hippoglossus hippoglossus,barents sea,fish
127138,hippoglossus hippoglossus,norwegian sea,fish
127138,hippoglossus hippoglossus,faroes,fish
127138,hippoglossus hippoglossus,greater north sea,fish
127138,hippoglossus hippoglossus,celtic seas,fish
127138,hippoglossus hippoglossus,oceanic northeast atlantic,fish
567449,hydrocoloeus minutus,bay of biscay and the iberian coast,birds
567449,hydrocoloeus minutus,celtic seas,birds
567449,hydrocoloeus minutus,greater north sea,birds
567449,hydrocoloeus minutus,baltic sea,birds
105826,hydrolagus mirabilis,greenland sea,fish
105826,hydrolagus mirabilis,icelandic waters,fish
105826,hydrolagus mirabilis,faroes,fish
105826,hydrolagus mirabilis,celtic seas,fish
105826,hydrolagus mirabilis,oceanic northeast atlantic,fish
105826,hydrolagus mirabilis,bay of biscay and the iberian coast,fish
343899,hyperoodon ampullatus,barents sea,mammals
343899,hyperoodon ampullatus,norwegian sea,mammals
343899,hyperoodon ampullatus,faroes,mammals
343899,hyperoodon ampullatus,icelandic waters,mammals
343899,hyperoodon ampullatus,greenland sea,mammals
343899,hyperoodon ampullatus,oceanic northeast atlantic,mammals
343899,hyperoodon ampullatus,azores,mammals
343899,hyperoodon ampullatus,bay of biscay and the iberian coast,mammals
343899,hyperoodon ampullatus,celtic seas,mammals
343899,hyperoodon ampullatus,greater north sea,mammals
137139,larus audouinii,bay of biscay and the iberian coast,birds
1584284,ichthyaetus melanocephalus,bay of biscay and the iberian coast,birds
1584284,ichthyaetus melanocephalus,celtic seas,birds
1584284,ichthyaetus melanocephalus,greater north sea,birds
1584284,ichthyaetus melanocephalus,baltic sea,birds
105840,isurus paucus,oceanic northeast atlantic,fish
105840,isurus paucus,azores,fish
105840,isurus paucus,bay of biscay and the iberian coast,fish
137113,kogia breviceps,oceanic northeast atlantic,mammals
137113,kogia breviceps,azores,mammals
137113,kogia breviceps,bay of biscay and the iberian coast,mammals
126965,labrus bergylta,norwegian sea,fish
126965,labrus bergylta,greater north sea,fish
126965,labrus bergylta,celtic seas,fish
126965,labrus bergylta,azores,fish
126965,labrus bergylta,bay of biscay and the iberian coast,fish
1571853,leucopleurus acutus,barents sea,mammals
1571853,leucopleurus acutus,norwegian sea,mammals
1571853,leucopleurus acutus,faroes,mammals
1571853,leucopleurus acutus,icelandic waters,mammals
1571853,leucopleurus acutus,greenland sea,mammals
1571853,leucopleurus acutus,oceanic northeast atlantic,mammals
1571853,leucopleurus acutus,celtic seas,mammals
1571853,leucopleurus acutus,greater north sea,mammals
137101,lagenorhynchus albirostris,barents sea,mammals
137101,lagenorhynchus albirostris,norwegian sea,mammals
137101,lagenorhynchus albirostris,faroes,mammals
137101,lagenorhynchus albirostris,icelandic waters,mammals
137101,lagenorhynchus albirostris,greenland sea,mammals
137101,lagenorhynchus albirostris,bay of biscay and the iberian coast,mammals
137101,lagenorhynchus albirostris,celtic seas,mammals
137101,lagenorhynchus albirostris,greater north sea,mammals
137101,lagenorhynchus albirostris,baltic sea,mammals
101172,lampetra fluviatilis,baltic sea,fish
101172,lampetra fluviatilis,greater north sea,fish
101172,lampetra fluviatilis,celtic seas,fish
137138,larus argentatus,barents sea,birds
137138,larus argentatus,norwegian sea,birds
137138,larus argentatus,faroes,birds
137138,larus argentatus,icelandic waters,birds
137138,larus argentatus,bay of biscay and the iberian coast,birds
137138,larus argentatus,celtic seas,birds
137138,larus argentatus,greater north sea,birds
137138,larus argentatus,baltic sea,birds
137141,larus canus,barents sea,birds
137141,larus canus,norwegian sea,birds
137141,larus canus,faroes,birds
137141,larus canus,icelandic waters,birds
137141,larus canus,bay of biscay and the iberian coast,birds
137141,larus canus,celtic seas,birds
137141,larus canus,greater north sea,birds
137141,larus canus,baltic sea,birds
148797,larus delawarensis,oceanic northeast atlantic,birds
148797,larus delawarensis,azores,birds
137142,larus fuscus,barents sea,birds
137142,larus fuscus,norwegian sea,birds
137142,larus fuscus,faroes,birds
137142,larus fuscus,icelandic waters,birds
137142,larus fuscus,greenland sea,birds
137142,larus fuscus,azores,birds
137142,larus fuscus,bay of biscay and the iberian coast,birds
137142,larus fuscus,celtic seas,birds
137142,larus fuscus,greater north sea,birds
137142,larus fuscus,baltic sea,birds
137144,larus glaucoides,barents sea,birds
137144,larus glaucoides,norwegian sea,birds
137144,larus glaucoides,faroes,birds
137144,larus glaucoides,icelandic waters,birds
137144,larus glaucoides,greenland sea,birds
137144,larus glaucoides,azores,birds
137144,larus glaucoides,celtic seas,birds
137144,larus glaucoides,greater north sea,birds
137145,larus hyperboreus,barents sea,birds
137145,larus hyperboreus,norwegian sea,birds
137145,larus hyperboreus,faroes,birds
137145,larus hyperboreus,icelandic waters,birds
137145,larus hyperboreus,greenland sea,birds
137145,larus hyperboreus,arcticocean,birds
137145,larus hyperboreus,azores,birds
137145,larus hyperboreus,celtic seas,birds
137145,larus hyperboreus,greater north sea,birds
137146,larus marinus,barents sea,birds
137146,larus marinus,norwegian sea,birds
137146,larus marinus,faroes,birds
137146,larus marinus,icelandic waters,birds
137146,larus marinus,greenland sea,birds
137146,larus marinus,azores,birds
137146,larus marinus,bay of biscay and the iberian coast,birds
137146,larus marinus,celtic seas,birds
137146,larus marinus,greater north sea,birds
137146,larus marinus,baltic sea,birds
232052,larus michahellis,oceanic northeast atlantic,birds
232052,larus michahellis,azores,birds
232052,larus michahellis,bay of biscay and the iberian coast,birds
232052,larus michahellis,celtic seas,birds
232052,larus michahellis,baltic sea,birds
127088,lepidopus caudatus,icelandic waters,fish
127088,lepidopus caudatus,oceanic northeast atlantic,fish
127088,lepidopus caudatus,azores,fish
127088,lepidopus caudatus,bay of biscay and the iberian coast,fish
127146,lepidorhombus whiffiagonis,faroes,fish
127146,lepidorhombus whiffiagonis,azores,fish
159074,larus atricilla,azores,birds
105873,leucoraja circularis,norwegian sea,fish
105873,leucoraja circularis,faroes,fish
105873,leucoraja circularis,greater north sea,fish
105873,leucoraja circularis,oceanic northeast atlantic,fish
105874,leucoraja fullonica,norwegian sea,fish
105874,leucoraja fullonica,icelandic waters,fish
105874,leucoraja fullonica,faroes,fish
105874,leucoraja fullonica,greater north sea,fish
105874,leucoraja fullonica,oceanic northeast atlantic,fish
105874,leucoraja fullonica,azores,fish
105876,leucoraja naevus,norwegian sea,fish
105876,leucoraja naevus,faroes,fish
126555,lophius piscatorius,azores,fish
127103,lycodes esmarkii,greenland sea,fish
127103,lycodes esmarkii,barents sea,fish
127103,lycodes esmarkii,norwegian sea,fish
127103,lycodes esmarkii,icelandic waters,fish
127103,lycodes esmarkii,faroes,fish
127103,lycodes esmarkii,greater north sea,fish
137092,megaptera novaeangliae,barents sea,mammals
137092,megaptera novaeangliae,norwegian sea,mammals
137092,megaptera novaeangliae,faroes,mammals
137092,megaptera novaeangliae,icelandic waters,mammals
137092,megaptera novaeangliae,greenland sea,mammals
137092,megaptera novaeangliae,arcticocean,mammals
137092,megaptera novaeangliae,oceanic northeast atlantic,mammals
137092,megaptera novaeangliae,azores,mammals
137092,megaptera novaeangliae,bay of biscay and the iberian coast,mammals
137092,megaptera novaeangliae,celtic seas,mammals
137092,megaptera novaeangliae,greater north sea,mammals
137092,megaptera novaeangliae,baltic sea,mammals
137072,melanitta fusca,barents sea,birds
137072,melanitta fusca,norwegian sea,birds
137072,melanitta fusca,celtic seas,birds
137072,melanitta fusca,greater north sea,birds
137072,melanitta fusca,baltic sea,birds
137073,melanitta nigra,barents sea,birds
137073,melanitta nigra,norwegian sea,birds
137073,melanitta nigra,icelandic waters,birds
137073,melanitta nigra,azores,birds
137073,melanitta nigra,bay of biscay and the iberian coast,birds
137073,melanitta nigra,celtic seas,birds
137073,melanitta nigra,greater north sea,birds
137073,melanitta nigra,baltic sea,birds
232039,mergellus albellus,barents sea,birds
232039,mergellus albellus,norwegian sea,birds
232039,mergellus albellus,icelandic waters,birds
232039,mergellus albellus,greater north sea,birds
232039,mergellus albellus,baltic sea,birds
159097,mergus merganser,barents sea,birds
159097,mergus merganser,norwegian sea,birds
159097,mergus merganser,icelandic waters,birds
159097,mergus merganser,greater north sea,birds
159097,mergus merganser,baltic sea,birds
159098,mergus serrator,barents sea,birds
159098,mergus serrator,norwegian sea,birds
159098,mergus serrator,faroes,birds
159098,mergus serrator,icelandic waters,birds
159098,mergus serrator,greenland sea,birds
159098,mergus serrator,bay of biscay and the iberian coast,birds
159098,mergus serrator,celtic seas,birds
159098,mergus serrator,greater north sea,birds
159098,mergus serrator,baltic sea,birds
126438,merlangius merlangus,baltic sea,fish
126484,merluccius merluccius,icelandic waters,fish
126484,merluccius merluccius,faroes,fish
137121,mesoplodon bidens,norwegian sea,mammals
137121,mesoplodon bidens,faroes,mammals
137121,mesoplodon bidens,oceanic northeast atlantic,mammals
137121,mesoplodon bidens,azores,mammals
137121,mesoplodon bidens,bay of biscay and the iberian coast,mammals
137121,mesoplodon bidens,celtic seas,mammals
137121,mesoplodon bidens,greater north sea,mammals
137122,mesoplodon densirostris,oceanic northeast atlantic,mammals
137122,mesoplodon densirostris,azores,mammals
137123,mesoplodon europaeus,oceanic northeast atlantic,mammals
137126,mesoplodon mirus,oceanic northeast atlantic,mammals
137126,mesoplodon mirus,azores,mammals
105756,mobula,oceanic northeast atlantic,fish
105756,mobula,azores,fish
105756,mobula,bay of biscay and the iberian coast,fish
1026118,mobula birostris,azores,fish
1026118,mobula birostris,oceanic northeast atlantic,fish
1026118,mobula birostris,bay of biscay and the iberian coast,fish
105858,mobula mobular,oceanic northeast atlantic,fish
105858,mobula mobular,azores,fish
105858,mobula mobular,bay of biscay and the iberian coast,fish
127405,mola mola,faroes,fish
127405,mola mola,greater north sea,fish
127405,mola mola,celtic seas,fish
127405,mola mola,oceanic northeast atlantic,fish
127405,mola mola,azores,fish
127405,mola mola,bay of biscay and the iberian coast,fish
126460,molva macrophthalma,celtic seas,fish
126460,molva macrophthalma,oceanic northeast atlantic,fish
126460,molva macrophthalma,azores,fish
126460,molva macrophthalma,bay of biscay and the iberian coast,fish
137116,monodon monoceros,barents sea,mammals
137116,monodon monoceros,greenland sea,mammals
137116,monodon monoceros,arcticocean,mammals
126497,mora moro,icelandic waters,fish
126497,mora moro,faroes,fish
126497,mora moro,celtic seas,fish
126497,mora moro,oceanic northeast atlantic,fish
126497,mora moro,azores,fish
126497,mora moro,bay of biscay and the iberian coast,fish
148776,morus bassanus,barents sea,birds
148776,morus bassanus,norwegian sea,birds
148776,morus bassanus,faroes,birds
148776,morus bassanus,icelandic waters,birds
148776,morus bassanus,greenland sea,birds
148776,morus bassanus,oceanic northeast atlantic,birds
148776,morus bassanus,azores,birds
148776,morus bassanus,bay of biscay and the iberian coast,birds
148776,morus bassanus,celtic seas,birds
148776,morus bassanus,greater north sea,birds
148776,morus bassanus,baltic sea,birds
127038,mycteroperca fusca,azores,fish
105860,myliobatis aquila,greater north sea,fish
105860,myliobatis aquila,celtic seas,fish
105860,myliobatis aquila,azores,fish
105860,myliobatis aquila,bay of biscay and the iberian coast,fish
137077,odobenus rosmarus,barents sea,mammals
137077,odobenus rosmarus,norwegian sea,mammals
137077,odobenus rosmarus,greenland sea,mammals
137077,odobenus rosmarus,arcticocean,mammals
137102,orcinus orca,barents sea,mammals
137102,orcinus orca,norwegian sea,mammals
137102,orcinus orca,faroes,mammals
137102,orcinus orca,icelandic waters,mammals
137102,orcinus orca,greenland sea,mammals
137102,orcinus orca,arcticocean,mammals
137102,orcinus orca,oceanic northeast atlantic,mammals
137102,orcinus orca,azores,mammals
137102,orcinus orca,bay of biscay and the iberian coast,mammals
137102,orcinus orca,celtic seas,mammals
137102,orcinus orca,greater north sea,mammals
105914,oxynotus centrina,bay of biscay and the iberian coast,fish
105915,oxynotus paradoxus,greater north sea,fish
105915,oxynotus paradoxus,celtic seas,fish
105915,oxynotus paradoxus,oceanic northeast atlantic,fish
105915,oxynotus paradoxus,azores,fish
137154,pagophila eburnea,barents sea,birds
137154,pagophila eburnea,greenland sea,birds
137154,pagophila eburnea,arcticocean,birds
159019,pagophilus groenlandicus,barents sea,mammals
159019,pagophilus groenlandicus,norwegian sea,mammals
159019,pagophilus groenlandicus,icelandic waters,mammals
159019,pagophilus groenlandicus,greenland sea,mammals
159019,pagophilus groenlandicus,arcticocean,mammals
137103,peponocephala electra,oceanic northeast atlantic,mammals
101174,petromyzon marinus,barents sea,fish
101174,petromyzon marinus,norwegian sea,fish
101174,petromyzon marinus,icelandic waters,fish
101174,petromyzon marinus,baltic sea,fish
101174,petromyzon marinus,greater north sea,fish
101174,petromyzon marinus,celtic seas,fish
137178,phalacrocorax aristotelis,barents sea,birds
137178,phalacrocorax aristotelis,norwegian sea,birds
137178,phalacrocorax aristotelis,faroes,birds
137178,phalacrocorax aristotelis,icelandic waters,birds
137178,phalacrocorax aristotelis,bay of biscay and the iberian coast,birds
137178,phalacrocorax aristotelis,celtic seas,birds
137178,phalacrocorax aristotelis,greater north sea,birds
137178,phalacrocorax aristotelis,baltic sea,birds
137179,phalacrocorax carbo,barents sea,birds
137179,phalacrocorax carbo,norwegian sea,birds
137179,phalacrocorax carbo,faroes,birds
137179,phalacrocorax carbo,icelandic waters,birds
137179,phalacrocorax carbo,greenland sea,birds
137179,phalacrocorax carbo,bay of biscay and the iberian coast,birds
137179,phalacrocorax carbo,celtic seas,birds
137179,phalacrocorax carbo,greater north sea,birds
137179,phalacrocorax carbo,baltic sea,birds
137084,phoca vitulina,barents sea,mammals
137084,phoca vitulina,norwegian sea,mammals
137084,phoca vitulina,icelandic waters,mammals
137084,phoca vitulina,greenland sea,mammals
137084,phoca vitulina,celtic seas,mammals
137084,phoca vitulina,greater north sea,mammals
137084,phoca vitulina,baltic sea,mammals
137117,phocoena phocoena,barents sea,mammals
137117,phocoena phocoena,norwegian sea,mammals
137117,phocoena phocoena,faroes,mammals
137117,phocoena phocoena,icelandic waters,mammals
137117,phocoena phocoena,greenland sea,mammals
137117,phocoena phocoena,oceanic northeast atlantic,mammals
137117,phocoena phocoena,bay of biscay and the iberian coast,mammals
137117,phocoena phocoena,celtic seas,mammals
137117,phocoena phocoena,greater north sea,mammals
137117,phocoena phocoena,baltic sea,mammals
137119,physeter macrocephalus,barents sea,mammals
137119,physeter macrocephalus,norwegian sea,mammals
137119,physeter macrocephalus,faroes,mammals
137119,physeter macrocephalus,icelandic waters,mammals
137119,physeter macrocephalus,greenland sea,mammals
137119,physeter macrocephalus,oceanic northeast atlantic,mammals
137119,physeter macrocephalus,azores,mammals
137119,physeter macrocephalus,bay of biscay and the iberian coast,mammals
137119,physeter macrocephalus,celtic seas,mammals
137119,physeter macrocephalus,greater north sea,mammals
137181,podiceps auritus,norwegian sea,birds
137181,podiceps auritus,faroes,birds
137181,podiceps auritus,bay of biscay and the iberian coast,birds
137181,podiceps auritus,celtic seas,birds
137181,podiceps auritus,greater north sea,birds
137181,podiceps auritus,baltic sea,birds
137182,podiceps cristatus,norwegian sea,birds
137182,podiceps cristatus,bay of biscay and the iberian coast,birds
137182,podiceps cristatus,celtic seas,birds
137182,podiceps cristatus,greater north sea,birds
137182,podiceps cristatus,baltic sea,birds
137183,podiceps grisegena,barents sea,birds
137183,podiceps grisegena,norwegian sea,birds
137183,podiceps grisegena,faroes,birds
137183,podiceps grisegena,bay of biscay and the iberian coast,birds
137183,podiceps grisegena,celtic seas,birds
137183,podiceps grisegena,greater north sea,birds
137183,podiceps grisegena,baltic sea,birds
137184,podiceps nigricollis,bay of biscay and the iberian coast,birds
137184,podiceps nigricollis,celtic seas,birds
137184,podiceps nigricollis,greater north sea,birds
137184,podiceps nigricollis,baltic sea,birds
126440,pollachius pollachius,icelandic waters,fish
126440,pollachius pollachius,faroes,fish
126441,pollachius virens,greenland sea,fish
126998,polyprion americanus,celtic seas,fish
126998,polyprion americanus,oceanic northeast atlantic,fish
126998,polyprion americanus,azores,fish
126998,polyprion americanus,bay of biscay and the iberian coast,fish
232041,polysticta stelleri,barents sea,birds
232041,polysticta stelleri,norwegian sea,birds
232041,polysticta stelleri,icelandic waters,birds
232041,polysticta stelleri,baltic sea,birds
151482,pomatomus saltatrix,azores,fish
151482,pomatomus saltatrix,bay of biscay and the iberian coast,fish
126927,pomatoschistus microps,greater north sea,fish
126927,pomatoschistus microps,celtic seas,fish
126927,pomatoschistus microps,bay of biscay and the iberian coast,fish
126928,pomatoschistus minutus,greater north sea,fish
126928,pomatoschistus minutus,celtic seas,fish
126928,pomatoschistus minutus,bay of biscay and the iberian coast,fish
137104,pseudorca crassidens,oceanic northeast atlantic,mammals
137104,pseudorca crassidens,azores,mammals
137104,pseudorca crassidens,bay of biscay and the iberian coast,mammals
514084,puffinus baroli,oceanic northeast atlantic,birds
514084,puffinus baroli,azores,birds
514084,puffinus baroli,bay of biscay and the iberian coast,birds
445503,puffinus mauretanicus,oceanic northeast atlantic,birds
445503,puffinus mauretanicus,azores,birds
445503,puffinus mauretanicus,bay of biscay and the iberian coast,birds
445503,puffinus mauretanicus,celtic seas,birds
137203,puffinus puffinus,norwegian sea,birds
137203,puffinus puffinus,faroes,birds
137203,puffinus puffinus,icelandic waters,birds
137203,puffinus puffinus,oceanic northeast atlantic,birds
137203,puffinus puffinus,azores,birds
137203,puffinus puffinus,bay of biscay and the iberian coast,birds
137203,puffinus puffinus,celtic seas,birds
137203,puffinus puffinus,greater north sea,birds
159021,pusa hispida,barents sea,mammals
159021,pusa hispida,norwegian sea,mammals
159021,pusa hispida,icelandic waters,mammals
159021,pusa hispida,greenland sea,mammals
159021,pusa hispida,arcticocean,mammals
159021,pusa hispida,baltic sea,mammals
367297,raja brachyura,azores,fish
105883,raja clavata,norwegian sea,fish
105883,raja clavata,faroes,fish
105883,raja clavata,baltic sea,fish
105884,raja maderensis,azores,fish
105885,raja microocellata,greater north sea,fish
105891,raja undulata,greater north sea,fish
105892,rajella bathyphila,greenland sea,fish
105892,rajella bathyphila,icelandic waters,fish
105892,rajella bathyphila,celtic seas,fish
105892,rajella bathyphila,oceanic northeast atlantic,fish
105894,rajella fyllae,greenland sea,fish
105894,rajella fyllae,barents sea,fish
105894,rajella fyllae,norwegian sea,fish
105894,rajella fyllae,icelandic waters,fish
105894,rajella fyllae,faroes,fish
105894,rajella fyllae,greater north sea,fish
105894,rajella fyllae,celtic seas,fish
105894,rajella fyllae,oceanic northeast atlantic,fish
1019159,rajella lintea,greenland sea,fish
1019159,rajella lintea,barents sea,fish
1019159,rajella lintea,norwegian sea,fish
1019159,rajella lintea,icelandic waters,fish
1019159,rajella lintea,faroes,fish
1019159,rajella lintea,greater north sea,fish
1019159,rajella lintea,celtic seas,fish
1019159,rajella lintea,oceanic northeast atlantic,fish
105712,rhinobatidae,bay of biscay and the iberian coast,fish
105898,rhinobatos rhinobatos,bay of biscay and the iberian coast,fish
105830,rhinochimaera atlantica,greenland sea,fish
105830,rhinochimaera atlantica,icelandic waters,fish
105830,rhinochimaera atlantica,faroes,fish
105830,rhinochimaera atlantica,celtic seas,fish
105830,rhinochimaera atlantica,oceanic northeast atlantic,fish
105830,rhinochimaera atlantica,bay of biscay and the iberian coast,fish
105862,rhinoptera marginata,bay of biscay and the iberian coast,fish
137155,rhodostethia rosea,barents sea,birds
137155,rhodostethia rosea,greenland sea,birds
137155,rhodostethia rosea,arcticocean,birds
137156,rissa tridactyla,barents sea,birds
137156,rissa tridactyla,norwegian sea,birds
137156,rissa tridactyla,faroes,birds
137156,rissa tridactyla,icelandic waters,birds
137156,rissa tridactyla,greenland sea,birds
137156,rissa tridactyla,arcticocean,birds
137156,rissa tridactyla,oceanic northeast atlantic,birds
137156,rissa tridactyla,azores,birds
137156,rissa tridactyla,bay of biscay and the iberian coast,birds
137156,rissa tridactyla,celtic seas,birds
137156,rissa tridactyla,greater north sea,birds
137156,rissa tridactyla,baltic sea,birds
127187,salmo trutta,barents sea,fish
127187,salmo trutta,norwegian sea,fish
127187,salmo trutta,icelandic waters,fish
127187,salmo trutta,greater north sea,fish
127187,salmo trutta,celtic seas,fish
127187,salmo trutta,bay of biscay and the iberian coast,fish
127010,sciaena umbra,greater north sea,fish
127010,sciaena umbra,celtic seas,fish
127010,sciaena umbra,bay of biscay and the iberian coast,fish
127149,scophthalmus maximus,faroes,fish
127149,scophthalmus maximus,celtic seas,fish
127149,scophthalmus maximus,bay of biscay and the iberian coast,fish
127150,scophthalmus rhombus,celtic seas,fish
127150,scophthalmus rhombus,bay of biscay and the iberian coast,fish
127248,scorpaena scrofa,celtic seas,fish
127248,scorpaena scrofa,oceanic northeast atlantic,fish
127248,scorpaena scrofa,azores,fish
127248,scorpaena scrofa,bay of biscay and the iberian coast,fish
105814,scyliorhinus canicula,norwegian sea,fish
105815,scyliorhinus stellaris,greater north sea,fish
105815,scyliorhinus stellaris,bay of biscay and the iberian coast,fish
105918,scymnodon ringens,greater north sea,fish
105918,scymnodon ringens,celtic seas,fish
105918,scymnodon ringens,oceanic northeast atlantic,fish
105918,scymnodon ringens,bay of biscay and the iberian coast,fish
127254,sebastes mentella,greater north sea,fish
127254,sebastes mentella,celtic seas,fish
151324,sebastes norvegicus,greater north sea,fish
127255,sebastes viviparus,greenland sea,fish
127255,sebastes viviparus,barents sea,fish
127255,sebastes viviparus,norwegian sea,fish
127255,sebastes viviparus,faroes,fish
127255,sebastes viviparus,greater north sea,fish
127255,sebastes viviparus,celtic seas,fish
127255,sebastes viviparus,oceanic northeast atlantic,fish
137074,somateria mollissima,barents sea,birds
137074,somateria mollissima,norwegian sea,birds
137074,somateria mollissima,faroes,birds
137074,somateria mollissima,icelandic waters,birds
137074,somateria mollissima,greenland sea,birds
137074,somateria mollissima,arcticocean,birds
137074,somateria mollissima,celtic seas,birds
137074,somateria mollissima,greater north sea,birds
137074,somateria mollissima,baltic sea,birds
137075,somateria spectabilis,barents sea,birds
137075,somateria spectabilis,norwegian sea,birds
137075,somateria spectabilis,greenland sea,birds
137075,somateria spectabilis,arcticocean,birds
137075,somateria spectabilis,greater north sea,birds
137075,somateria spectabilis,baltic sea,birds
105919,somniosus microcephalus,arcticocean,fish
105919,somniosus microcephalus,greenland sea,fish
105919,somniosus microcephalus,barents sea,fish
105919,somniosus microcephalus,norwegian sea,fish
105919,somniosus microcephalus,icelandic waters,fish
105919,somniosus microcephalus,faroes,fish
105919,somniosus microcephalus,greater north sea,fish
105919,somniosus microcephalus,celtic seas,fish
105919,somniosus microcephalus,oceanic northeast atlantic,fish
105919,somniosus microcephalus,bay of biscay and the iberian coast,fish
105920,somniosus rostratus,oceanic northeast atlantic,fish
105920,somniosus rostratus,bay of biscay and the iberian coast,fish
151523,sparus aurata,greater north sea,fish
151523,sparus aurata,celtic seas,fish
151523,sparus aurata,bay of biscay and the iberian coast,fish
105819,sphyrna zygaena,celtic seas,fish
105819,sphyrna zygaena,oceanic northeast atlantic,fish
105819,sphyrna zygaena,azores,fish
105694,sphyrnidae,celtic seas,fish
105694,sphyrnidae,oceanic northeast atlantic,fish
105694,sphyrnidae,azores,fish
105694,sphyrnidae,bay of biscay and the iberian coast,fish
105924,squalus blainville,bay of biscay and the iberian coast,fish
105925,squalus megalops,bay of biscay and the iberian coast,fish
137107,stenella coeruleoalba,oceanic northeast atlantic,mammals
137107,stenella coeruleoalba,azores,mammals
137107,stenella coeruleoalba,bay of biscay and the iberian coast,mammals
137107,stenella coeruleoalba,celtic seas,mammals
137107,stenella coeruleoalba,greater north sea,mammals
137108,stenella frontalis,oceanic northeast atlantic,mammals
137108,stenella frontalis,azores,mammals
137110,steno bredanensis,oceanic northeast atlantic,mammals
137171,stercorarius longicaudus,barents sea,birds
137171,stercorarius longicaudus,norwegian sea,birds
137171,stercorarius longicaudus,faroes,birds
137171,stercorarius longicaudus,icelandic waters,birds
137171,stercorarius longicaudus,greenland sea,birds
137171,stercorarius longicaudus,arcticocean,birds
137171,stercorarius longicaudus,oceanic northeast atlantic,birds
137171,stercorarius longicaudus,bay of biscay and the iberian coast,birds
137171,stercorarius longicaudus,celtic seas,birds
137172,stercorarius parasiticus,barents sea,birds
137172,stercorarius parasiticus,norwegian sea,birds
137172,stercorarius parasiticus,faroes,birds
137172,stercorarius parasiticus,icelandic waters,birds
137172,stercorarius parasiticus,greenland sea,birds
137172,stercorarius parasiticus,arcticocean,birds
137172,stercorarius parasiticus,oceanic northeast atlantic,birds
137172,stercorarius parasiticus,azores,birds
137172,stercorarius parasiticus,bay of biscay and the iberian coast,birds
137172,stercorarius parasiticus,celtic seas,birds
137172,stercorarius parasiticus,greater north sea,birds
137172,stercorarius parasiticus,baltic sea,birds
137173,stercorarius pomarinus,barents sea,birds
137173,stercorarius pomarinus,norwegian sea,birds
137173,stercorarius pomarinus,faroes,birds
137173,stercorarius pomarinus,icelandic waters,birds
137173,stercorarius pomarinus,greenland sea,birds
137173,stercorarius pomarinus,arcticocean,birds
137173,stercorarius pomarinus,oceanic northeast atlantic,birds
137173,stercorarius pomarinus,azores,birds
137173,stercorarius pomarinus,bay of biscay and the iberian coast,birds
137173,stercorarius pomarinus,celtic seas,birds
137174,stercorarius skua,barents sea,birds
137174,stercorarius skua,norwegian sea,birds
137174,stercorarius skua,faroes,birds
137174,stercorarius skua,icelandic waters,birds
137174,stercorarius skua,greenland sea,birds
137174,stercorarius skua,arcticocean,birds
137174,stercorarius skua,oceanic northeast atlantic,birds
137174,stercorarius skua,azores,birds
137174,stercorarius skua,bay of biscay and the iberian coast,birds
137174,stercorarius skua,celtic seas,birds
137174,stercorarius skua,greater north sea,birds
126328,synaphobranchus kaupii,faroes,fish
126328,synaphobranchus kaupii,celtic seas,fish
126328,synaphobranchus kaupii,oceanic northeast atlantic,fish
126328,synaphobranchus kaupii,azores,fish
126328,synaphobranchus kaupii,bay of biscay and the iberian coast,fish
127386,syngnathus abaster,bay of biscay and the iberian coast,fish
1605275 ,taeniurops grabatus,azores,fish
1605275 ,taeniurops grabatus,bay of biscay and the iberian coast,fish
321911,tetronarce nobiliana,greater north sea,fish
321911,tetronarce nobiliana,celtic seas,fish
321911,tetronarce nobiliana,oceanic northeast atlantic,fish
321911,tetronarce nobiliana,azores,fish
321911,tetronarce nobiliana,bay of biscay and the iberian coast,fish
271684,torpedo marmorata,greater north sea,fish
271684,torpedo marmorata,celtic seas,fish
271684,torpedo marmorata,bay of biscay and the iberian coast,fish
271691,torpedo torpedo,bay of biscay and the iberian coast,fish
137111,tursiops truncatus,norwegian sea,mammals
137111,tursiops truncatus,faroes,mammals
137111,tursiops truncatus,oceanic northeast atlantic,mammals
137111,tursiops truncatus,azores,mammals
137111,tursiops truncatus,bay of biscay and the iberian coast,mammals
137111,tursiops truncatus,celtic seas,mammals
137111,tursiops truncatus,greater north sea,mammals
137111,tursiops truncatus,baltic sea,mammals
127012,umbrina cirrosa,greater north sea,fish
127012,umbrina cirrosa,bay of biscay and the iberian coast,fish
137133,uria aalge,barents sea,birds
137133,uria aalge,norwegian sea,birds
137133,uria aalge,faroes,birds
137133,uria aalge,icelandic waters,birds
137133,uria aalge,greenland sea,birds
137133,uria aalge,oceanic northeast atlantic,birds
137133,uria aalge,bay of biscay and the iberian coast,birds
137133,uria aalge,celtic seas,birds
137133,uria aalge,greater north sea,birds
137133,uria aalge,baltic sea,birds
137134,uria lomvia,barents sea,birds
137134,uria lomvia,norwegian sea,birds
137134,uria lomvia,faroes,birds
137134,uria lomvia,icelandic waters,birds
137134,uria lomvia,greenland sea,birds
137134,uria lomvia,arcticocean,birds
137134,uria lomvia,greater north sea,birds
137167,xema sabini,barents sea,birds
137167,xema sabini,greenland sea,birds
137167,xema sabini,arcticocean,birds
137167,xema sabini,bay of biscay and the iberian coast,birds
137167,xema sabini,celtic seas,birds
127427,zeus faber,greater north sea,fish
127427,zeus faber,celtic seas,fish
127427,zeus faber,oceanic northeast atlantic,fish
127427,zeus faber,azores,fish
127427,zeus faber,bay of biscay and the iberian coast,fish
137127,ziphius cavirostris,oceanic northeast atlantic,mammals
137127,ziphius cavirostris,azores,mammals
137127,ziphius cavirostris,bay of biscay and the iberian coast,mammals
137127,ziphius cavirostris,celtic seas,mammals
127123,zoarces viviparus,greater north sea,fish
127123,zoarces viviparus,celtic seas,fish
137205,caretta caretta,celtic seas,marine turtles
137209,dermochelys coriacea,celtic seas,marine turtles
137209,dermochelys coriacea,greater north sea,marine turtles
137205,caretta caretta,bay of biscay and the iberian coast,marine turtles
137209,dermochelys coriacea,bay of biscay and the iberian coast,marine turtles
137206,chelonia mydas,azores,marine turtles
137205,caretta caretta,azores,marine turtles
137209,dermochelys coriacea,azores,marine turtles
137206,chelonia mydas,oceanic northeast atlantic,marine turtles
137205,caretta caretta,oceanic northeast atlantic,marine turtles
137209,dermochelys coriacea,oceanic northeast atlantic,marine turtles
105928,squatina squatina,greater north sea,fish
105928,squatina squatina,celtic seas,fish
105928,squatina squatina,bay of biscay and the iberian coast,fish
105837,cetorhinus maximus,greenland sea,fish
105837,cetorhinus maximus,barents sea,fish
105837,cetorhinus maximus,norwegian sea,fish
105837,cetorhinus maximus,icelandic waters,fish
105837,cetorhinus maximus,faroes,fish
105837,cetorhinus maximus,greater north sea,fish
105837,cetorhinus maximus,celtic seas,fish
105837,cetorhinus maximus,oceanic northeast atlantic,fish
105837,cetorhinus maximus,azores,fish
105837,cetorhinus maximus,bay of biscay and the iberian coast,fish
127186,salmo salar,arcticocean,fish
127186,salmo salar,azores,fish
127186,salmo salar,baltic sea,fish
127186,salmo salar,barents sea,fish
127186,salmo salar,bay of biscay and the iberian coast,fish
127186,salmo salar,celtic seas,fish
127186,salmo salar,faroes,fish
127186,salmo salar,greater north sea,fish
127186,salmo salar,greenland sea,fish
127186,salmo salar,icelandic waters,fish
127186,salmo salar,norwegian sea,fish
127186,salmo salar,oceanic northeast atlantic,fish
10295,anguilla anguilla,azores,fish
10295,anguilla anguilla,baltic sea,fish
10295,anguilla anguilla,barents sea,fish
10295,anguilla anguilla,bay of biscay and the iberian coast,fish
10295,anguilla anguilla,celtic seas,fish
10295,anguilla anguilla,faroes,fish
10295,anguilla anguilla,greater north sea,fish
10295,anguilla anguilla,greenland sea,fish
10295,anguilla anguilla,icelandic waters,fish
10295,anguilla anguilla,norwegian sea,fish
10295,anguilla anguilla,oceanic northeast atlantic,fish
105928,squatina squatina,black sea,fish
105856,gymnura altavela,black sea,fish
126279,acipenser sturio,black sea,fish
126275,acipenser gueldenstaedtii,black sea,fish
126278,acipenser stellatus,black sea,fish
233941,acipenser ruthenus,black sea,fish
126280,huso huso,black sea,fish
105928,squatina squatina,adriatic sea,fish
105926,squatina aculeata,adriatic sea,fish
105927,squatina oculata,adriatic sea,fish
711846,dipturus intermedius,adriatic sea,fish
105869,dipturus batis,adriatic sea,fish
105838,carcharodon carcharias,adriatic sea,fish
105898,rhinobatos rhinobatos,adriatic sea,fish
1016062,glaucostegus cemiculus,adriatic sea,fish
105875,leucoraja melitensis,adriatic sea,fish
105843,carcharias taurus,adriatic sea,fish
105844,odontaspis ferox,adriatic sea,fish
105856,gymnura altavela,adriatic sea,fish
126279,acipenser sturio,adriatic sea,fish
126276,acipenser naccarii,adriatic sea,fish
126275,acipenser gueldenstaedtii,adriatic sea,fish
126280,huso huso,adriatic sea,fish
105837,cetorhinus maximus,adriatic sea,fish
105928,squatina squatina,aegean-levantine sea,fish
105926,squatina aculeata,aegean-levantine sea,fish
105927,squatina oculata,aegean-levantine sea,fish
711846,dipturus intermedius,aegean-levantine sea,fish
105869,dipturus batis,aegean-levantine sea,fish
105838,carcharodon carcharias,aegean-levantine sea,fish
105898,rhinobatos rhinobatos,aegean-levantine sea,fish
1016062,glaucostegus cemiculus,aegean-levantine sea,fish
105875,leucoraja melitensis,aegean-levantine sea,fish
105843,carcharias taurus,aegean-levantine sea,fish
105844,odontaspis ferox,aegean-levantine sea,fish
105856,gymnura altavela,aegean-levantine sea,fish
126279,acipenser sturio,aegean-levantine sea,fish
126276,acipenser naccarii,aegean-levantine sea,fish
126275,acipenser gueldenstaedtii,aegean-levantine sea,fish
126280,huso huso,aegean-levantine sea,fish
105837,cetorhinus maximus,aegean-levantine sea,fish
105928,squatina squatina,ionian sea and the central mediterranean sea,fish
105926,squatina aculeata,ionian sea and the central mediterranean sea,fish
105927,squatina oculata,ionian sea and the central mediterranean sea,fish
711846,dipturus intermedius,ionian sea and the central mediterranean sea,fish
105869,dipturus batis,ionian sea and the central mediterranean sea,fish
105838,carcharodon carcharias,ionian sea and the central mediterranean sea,fish
105898,rhinobatos rhinobatos,ionian sea and the central mediterranean sea,fish
1016062,glaucostegus cemiculus,ionian sea and the central mediterranean sea,fish
105875,leucoraja melitensis,ionian sea and the central mediterranean sea,fish
105843,carcharias taurus,ionian sea and the central mediterranean sea,fish
105844,odontaspis ferox,ionian sea and the central mediterranean sea,fish
105856,gymnura altavela,ionian sea and the central mediterranean sea,fish
126279,acipenser sturio,ionian sea and the central mediterranean sea,fish
126276,acipenser naccarii,ionian sea and the central mediterranean sea,fish
126275,acipenser gueldenstaedtii,ionian sea and the central mediterranean sea,fish
126280,huso huso,ionian sea and the central mediterranean sea,fish
105837,cetorhinus maximus,ionian sea and the central mediterranean sea,fish
105928,squatina squatina,western mediterranean sea,fish
105926,squatina aculeata,western mediterranean sea,fish
105927,squatina oculata,western mediterranean sea,fish
711846,dipturus intermedius,western mediterranean sea,fish
105869,dipturus batis,western mediterranean sea,fish
105838,carcharodon carcharias,western mediterranean sea,fish
105898,rhinobatos rhinobatos,western mediterranean sea,fish
1016062,glaucostegus cemiculus,western mediterranean sea,fish
105875,leucoraja melitensis,western mediterranean sea,fish
105843,carcharias taurus,western mediterranean sea,fish
105844,odontaspis ferox,western mediterranean sea,fish
105856,gymnura altavela,western mediterranean sea,fish
126279,acipenser sturio,western mediterranean sea,fish
126276,acipenser naccarii,western mediterranean sea,fish
126275,acipenser gueldenstaedtii,western mediterranean sea,fish
126280,huso huso,western mediterranean sea,fish
105837,cetorhinus maximus,western mediterranean sea,fish
137205,caretta caretta,adriatic sea,marine turtles
137098,grampus griseus,adriatic sea,mammals
137209,dermochelys coriacea,adriatic sea,marine turtles
137111,tursiops truncatus,adriatic sea,mammals
137009,monachus monachus,adriatic sea,mammals
137117,phocoena phocoena,adriatic sea,mammals
148776,morus bassanus,adriatic sea,birds
137097,globicephala melas,adriatic sea,mammals
137107,stenella coeruleoalba,adriatic sea,mammals
137194,calonectris diomedea,adriatic sea,birds
445503,puffinus mauretanicus,adriatic sea,birds
1584284,ichthyaetus melanocephalus,adriatic sea,birds
137204,puffinus yelkouan,adriatic sea,birds
137179,phalacrocorax carbo,adriatic sea,birds
159019,pagophilus groenlandicus,adriatic sea,mammals
232052,larus michahellis,adriatic sea,birds
137178,phalacrocorax aristotelis,adriatic sea,birds
137206,chelonia mydas,adriatic sea,marine turtles
137205,caretta caretta,black sea,marine turtles
137098,grampus griseus,black sea,mammals
137209,dermochelys coriacea,black sea,marine turtles
137111,tursiops truncatus,black sea,mammals
137009,monachus monachus,black sea,mammals
137117,phocoena phocoena,black sea,mammals
148776,morus bassanus,black sea,birds
137097,globicephala melas,black sea,mammals
137107,stenella coeruleoalba,black sea,mammals
137194,calonectris diomedea,black sea,birds
445503,puffinus mauretanicus,black sea,birds
1584284,ichthyaetus melanocephalus,black sea,birds
137204,puffinus yelkouan,black sea,birds
137179,phalacrocorax carbo,black sea,birds
159019,pagophilus groenlandicus,black sea,mammals
232052,larus michahellis,black sea,birds
137178,phalacrocorax aristotelis,black sea,birds
137206,chelonia mydas,black sea,marine turtles
137205,caretta caretta,aegean-levantine sea,marine turtles
137098,grampus griseus,aegean-levantine sea,mammals
137209,dermochelys coriacea,aegean-levantine sea,marine turtles
137111,tursiops truncatus,aegean-levantine sea,mammals
137009,monachus monachus,aegean-levantine sea,mammals
137117,phocoena phocoena,aegean-levantine sea,mammals
148776,morus bassanus,aegean-levantine sea,birds
137097,globicephala melas,aegean-levantine sea,mammals
137107,stenella coeruleoalba,aegean-levantine sea,mammals
137194,calonectris diomedea,aegean-levantine sea,birds
445503,puffinus mauretanicus,aegean-levantine sea,birds
1584284,ichthyaetus melanocephalus,aegean-levantine sea,birds
137204,puffinus yelkouan,aegean-levantine sea,birds
137179,phalacrocorax carbo,aegean-levantine sea,birds
159019,pagophilus groenlandicus,aegean-levantine sea,mammals
232052,larus michahellis,aegean-levantine sea,birds
137178,phalacrocorax aristotelis,aegean-levantine sea,birds
137206,chelonia mydas,aegean-levantine sea,marine turtles
137205,caretta caretta,ionian sea and the central mediterranean sea,marine turtles
137098,grampus griseus,ionian sea and the central mediterranean sea,mammals
137209,dermochelys coriacea,ionian sea and the central mediterranean sea,marine turtles
137111,tursiops truncatus,ionian sea and the central mediterranean sea,mammals
137009,monachus monachus,ionian sea and the central mediterranean sea,mammals
137117,phocoena phocoena,ionian sea and the central mediterranean sea,mammals
148776,morus bassanus,ionian sea and the central mediterranean sea,birds
137097,globicephala melas,ionian sea and the central mediterranean sea,mammals
137107,stenella coeruleoalba,ionian sea and the central mediterranean sea,mammals
137194,calonectris diomedea,ionian sea and the central mediterranean sea,birds
445503,puffinus mauretanicus,ionian sea and the central mediterranean sea,birds
1584284,ichthyaetus melanocephalus,ionian sea and the central mediterranean sea,birds
137204,puffinus yelkouan,ionian sea and the central mediterranean sea,birds
137179,phalacrocorax carbo,ionian sea and the central mediterranean sea,birds
159019,pagophilus groenlandicus,ionian sea and the central mediterranean sea,mammals
232052,larus michahellis,ionian sea and the central mediterranean sea,birds
137178,phalacrocorax aristotelis,ionian sea and the central mediterranean sea,birds
137206,chelonia mydas,ionian sea and the central mediterranean sea,marine turtles
137205,caretta caretta,western mediterranean sea,marine turtles
137098,grampus griseus,western mediterranean sea,mammals
137209,dermochelys coriacea,western mediterranean sea,marine turtles
137111,tursiops truncatus,western mediterranean sea,mammals
137009,monachus monachus,western mediterranean sea,mammals
137117,phocoena phocoena,western mediterranean sea,mammals
148776,morus bassanus,western mediterranean sea,birds
137097,globicephala melas,western mediterranean sea,mammals
137107,stenella coeruleoalba,western mediterranean sea,mammals
137194,calonectris diomedea,western mediterranean sea,birds
445503,puffinus mauretanicus,western mediterranean sea,birds
1584284,ichthyaetus melanocephalus,western mediterranean sea,birds
137204,puffinus yelkouan,western mediterranean sea,birds
137179,phalacrocorax carbo,western mediterranean sea,birds
159019,pagophilus groenlandicus,western mediterranean sea,mammals
232052,larus michahellis,western mediterranean sea,birds
137178,phalacrocorax aristotelis,western mediterranean sea,birds
137206,chelonia mydas,western mediterranean sea,marine turtles
137129,alle alle,arctic ocean,birds
137086,balaena mysticetus,arctic ocean,mammals
137087,balaenoptera acutorostrata,arctic ocean,mammals
137090,balaenoptera musculus,arctic ocean,mammals
137091,balaenoptera physalus,arctic ocean,mammals
137130,cepphus grylle,arctic ocean,birds
137071,clangula hyemalis,arctic ocean,birds
137078,cystophora cristata,arctic ocean,mammals
137079,erignathus barbatus,arctic ocean,mammals
137195,fulmarus glacialis,arctic ocean,birds
137188,gavia stellata,arctic ocean,birds
137145,larus hyperboreus,arctic ocean,birds
137092,megaptera novaeangliae,arctic ocean,mammals
137116,monodon monoceros,arctic ocean,mammals
137077,odobenus rosmarus,arctic ocean,mammals
137102,orcinus orca,arctic ocean,mammals
137154,pagophila eburnea,arctic ocean,birds
159019,pagophilus groenlandicus,arctic ocean,mammals
137119,physeter macrocephalus,arctic ocean,mammals
159021,pusa hispida,arctic ocean,mammals
137155,rhodostethia rosea,arctic ocean,birds
137156,rissa tridactyla,arctic ocean,birds
137074,somateria mollissima,arctic ocean,birds
137075,somateria spectabilis,arctic ocean,birds
137171,stercorarius longicaudus,arctic ocean,birds
137172,stercorarius parasiticus,arctic ocean,birds
137173,stercorarius pomarinus,arctic ocean,birds
137174,stercorarius skua,arctic ocean,birds
137134,uria lomvia,arctic ocean,birds
137167,xema sabini,arctic ocean,birds
105835,alopias superciliosus,azores,fish
105836,alopias vulpinus,azores,fish
126757,anarhichas denticulatus,azores,fish
707542,ardenna grisea,azores,birds
126394,beryx decadactylus,azores,fish
126395,beryx splendens,azores,fish
137205,caretta caretta,azores,turtles
105901,centrophorus squamosus,azores,fish
105907,centroscymnus coelolepis,azores,fish
299089,centroscymnus owstonii,azores,fish
137206,chelonia mydas,azores,turtles
712407,chimaera opalescens,azores,fish
465358,chroicocephalus ridibundus,azores,birds
105910,dalatias licha,azores,fish
105905,deania profundorum,azores,fish
137209,dermochelys coriacea,azores,turtles
711846,dipturus intermedius,azores,fish
105820,galeorhinus galeus,azores,fish
105832,heptranchias perlo,azores,fish
126402,hoplostethus atlanticus,azores,fish
105825,hydrolagus affinis,azores,fish
105826,hydrolagus mirabilis,azores,fish
105827,hydrolagus pallidus,azores,fish
105839,isurus oxyrinchus,azores,fish
105841,lamna nasus,azores,fish
126472,macrourus berglax,azores,fish
126950,makaira nigricans,azores,fish
137123,mesoplodon europaeus,azores,mammals
105844,odontaspis ferox,azores,fish
127059,pagellus bogaraveo,azores,fish
105830,rhinochimaera atlantica,azores,fish
105919,somniosus microcephalus,azores,fish
126482,trachyrincus scabrus,azores,fish
465358,chroicocephalus ridibundus,baltic sea,birds
1704278,gulosus aristotelis,baltic sea,birds
137102,orcinus orca,baltic sea,mammals
154375,thymallus thymallus,baltic sea,fish
105865,amblyraja radiata,barents sea,fish
126752,ammodytes tobianus,barents sea,fish
465358,chroicocephalus ridibundus,barents sea,birds
1704278,gulosus aristotelis,barents sea,birds
105841,lamna nasus,barents sea,fish
105874,leucoraja fullonica,barents sea,fish
126459,molva dypterygia,barents sea,fish
137128,alca torda,bay of biscay and iberian coast,birds
126682,alepocephalus bairdii,bay of biscay and iberian coast,fish
105835,alopias superciliosus,bay of biscay and iberian coast,fish
105836,alopias vulpinus,bay of biscay and iberian coast,fish
126752,ammodytes tobianus,bay of biscay and iberian coast,fish
10295,anguilla anguilla,bay of biscay and iberian coast,fish
707542,ardenna grisea,bay of biscay and iberian coast,birds
232037,aythya ferina,bay of biscay and iberian coast,birds
159164,aythya fuligula,bay of biscay and iberian coast,birds
159172,aythya marila,bay of biscay and iberian coast,birds
137087,balaenoptera acutorostrata,bay of biscay and iberian coast,mammals
137088,balaenoptera borealis,bay of biscay and iberian coast,mammals
137090,balaenoptera musculus,bay of biscay and iberian coast,mammals
137091,balaenoptera physalus,bay of biscay and iberian coast,mammals
126394,beryx decadactylus,bay of biscay and iberian coast,fish
126395,beryx splendens,bay of biscay and iberian coast,fish
159197,bucephala clangula,bay of biscay and iberian coast,birds
1348497,calonectris borealis,bay of biscay and iberian coast,birds
137194,calonectris diomedea,bay of biscay and iberian coast,birds
105789,carcharhinus falciformis,bay of biscay and iberian coast,fish
105794,carcharhinus longimanus,bay of biscay and iberian coast,fish
105797,carcharhinus plumbeus,bay of biscay and iberian coast,fish
105838,carcharodon carcharias,bay of biscay and iberian coast,fish
137205,caretta caretta,bay of biscay and iberian coast,turtles
105899,centrophorus granulosus,bay of biscay and iberian coast,fish
105901,centrophorus squamosus,bay of biscay and iberian coast,fish
105902,centrophorus uyato,bay of biscay and iberian coast,fish
105907,centroscymnus coelolepis,bay of biscay and iberian coast,fish
105837,cetorhinus maximus,bay of biscay and iberian coast,fish
105824,chimaera monstrosa,bay of biscay and iberian coast,fish
1488274,chroicocephalus genei,bay of biscay and iberian coast,birds
465358,chroicocephalus ridibundus,bay of biscay and iberian coast,birds
158960,coryphaenoides rupestris,bay of biscay and iberian coast,fish
105910,dalatias licha,bay of biscay and iberian coast,fish
105851,dasyatis pastinaca,bay of biscay and iberian coast,fish
298167,deania calceus,bay of biscay and iberian coast,fish
137094,delphinus delphis,bay of biscay and iberian coast,mammals
137209,dermochelys coriacea,bay of biscay and iberian coast,turtles
105869,dipturus batis,bay of biscay and iberian coast,fish
711846,dipturus intermedius,bay of biscay and iberian coast,fish
127413,ephippion guttifer,bay of biscay and iberian coast,fish
126858,epigonus telescopus,bay of biscay and iberian coast,fish
127032,epinephelus aeneus,bay of biscay and iberian coast,fish
127034,epinephelus costae,bay of biscay and iberian coast,fish
127036,epinephelus marginatus,bay of biscay and iberian coast,fish
105912,etmopterus pusillus,bay of biscay and iberian coast,fish
159023,eubalaena glacialis,bay of biscay and iberian coast,mammals
137131,fratercula arctica,bay of biscay and iberian coast,birds
232054,fulica atra,bay of biscay and iberian coast,birds
137195,fulmarus glacialis,bay of biscay and iberian coast,birds
105820,galeorhinus galeus,bay of biscay and iberian coast,fish
137186,gavia arctica,bay of biscay and iberian coast,birds
137187,gavia immer,bay of biscay and iberian coast,birds
137188,gavia stellata,bay of biscay and iberian coast,birds
1016062,glaucostegus cemiculus,bay of biscay and iberian coast,fish
137097,globicephala melas,bay of biscay and iberian coast,mammals
137098,grampus griseus,bay of biscay and iberian coast,mammals
1704278,gulosus aristotelis,bay of biscay and iberian coast,birds
105856,gymnura altavela,bay of biscay and iberian coast,fish
137080,halichoerus grypus,bay of biscay and iberian coast,mammals
105832,heptranchias perlo,bay of biscay and iberian coast,fish
154776,hippocampus guttulatus,bay of biscay and iberian coast,fish
127380,hippocampus hippocampus,bay of biscay and iberian coast,fish
127138,hippoglossus hippoglossus,bay of biscay and iberian coast,fish
126402,hoplostethus atlanticus,bay of biscay and iberian coast,fish
567449,hydrocoloeus minutus,bay of biscay and iberian coast,birds
105825,hydrolagus affinis,bay of biscay and iberian coast,fish
271410,hydrolagus lustanicus,bay of biscay and iberian coast,fish
105826,hydrolagus mirabilis,bay of biscay and iberian coast,fish
343899,hyperoodon ampullatus,bay of biscay and iberian coast,mammals
1584284,ichthyaetus melanocephalus,bay of biscay and iberian coast,birds
105839,isurus oxyrinchus,bay of biscay and iberian coast,fish
105840,isurus paucus,bay of biscay and iberian coast,fish
137113,kogia breviceps,bay of biscay and iberian coast,mammals
126968,labrus viridis,bay of biscay and iberian coast,fish
137101,lagenorhynchus albirostris,bay of biscay and iberian coast,mammals
105841,lamna nasus,bay of biscay and iberian coast,fish
137138,larus argentatus,bay of biscay and iberian coast,birds
137141,larus canus,bay of biscay and iberian coast,birds
137142,larus fuscus,bay of biscay and iberian coast,birds
137146,larus marinus,bay of biscay and iberian coast,birds
232052,larus michahellis,bay of biscay and iberian coast,birds
105873,leucoraja circularis,bay of biscay and iberian coast,fish
105874,leucoraja fullonica,bay of biscay and iberian coast,fish
137092,megaptera novaeangliae,bay of biscay and iberian coast,mammals
137073,melanitta nigra,bay of biscay and iberian coast,birds
159098,mergus serrator,bay of biscay and iberian coast,birds
137121,mesoplodon bidens,bay of biscay and iberian coast,mammals
105858,mobula mobular,bay of biscay and iberian coast,fish
127405,mola mola,bay of biscay and iberian coast,fish
148776,morus bassanus,bay of biscay and iberian coast,birds
105822,mustelus mustelus,bay of biscay and iberian coast,fish
105823,mustelus punctulatus,bay of biscay and iberian coast,fish
105860,myliobatis aquila,bay of biscay and iberian coast,fish
105844,odontaspis ferox,bay of biscay and iberian coast,fish
137102,orcinus orca,bay of biscay and iberian coast,mammals
105914,oxynotus centrina,bay of biscay and iberian coast,fish
127059,pagellus bogaraveo,bay of biscay and iberian coast,fish
137179,phalacrocorax carbo,bay of biscay and iberian coast,birds
137117,phocoena phocoena,bay of biscay and iberian coast,mammals
137119,physeter macrocephalus,bay of biscay and iberian coast,mammals
137181,podiceps auritus,bay of biscay and iberian coast,birds
137182,podiceps cristatus,bay of biscay and iberian coast,birds
137183,podiceps grisegena,bay of biscay and iberian coast,birds
137184,podiceps nigricollis,bay of biscay and iberian coast,birds
137104,pseudorca crassidens,bay of biscay and iberian coast,mammals
514084,puffinus baroli,bay of biscay and iberian coast,birds
137201,puffinus gravis,bay of biscay and iberian coast,birds
445503,puffinus mauretanicus,bay of biscay and iberian coast,birds
137203,puffinus puffinus,bay of biscay and iberian coast,birds
105898,rhinobatos rhinobatos,bay of biscay and iberian coast,fish
137156,rissa tridactyla,bay of biscay and iberian coast,birds
105896,rostroraja alba,bay of biscay and iberian coast,fish
127186,salmo salar,bay of biscay and iberian coast,fish
127149,scophthalmus maximus,bay of biscay and iberian coast,fish
105819,sphyrna zygaena,bay of biscay and iberian coast,fish
105924,squalus blainville,bay of biscay and iberian coast,fish
105928,squatina squatina,bay of biscay and iberian coast,fish
137107,stenella coeruleoalba,bay of biscay and iberian coast,mammals
137108,stenella frontalis,bay of biscay and iberian coast,mammals
137171,stercorarius longicaudus,bay of biscay and iberian coast,birds
137172,stercorarius parasiticus,bay of biscay and iberian coast,birds
137173,stercorarius pomarinus,bay of biscay and iberian coast,birds
137174,stercorarius skua,bay of biscay and iberian coast,birds
126482,trachyrincus scabrus,bay of biscay and iberian coast,fish
137111,tursiops truncatus,bay of biscay and iberian coast,mammals
127012,umbrina cirrosa,bay of biscay and iberian coast,fish
137133,uria aalge,bay of biscay and iberian coast,birds
137167,xema sabini,bay of biscay and iberian coast,birds
127427,zeus faber,bay of biscay and iberian coast,fish
137127,ziphius cavirostris,bay of biscay and iberian coast,mammals
105836,alopias vulpinus,celtic seas,fish
126752,ammodytes tobianus,celtic seas,fish
126757,anarhichas denticulatus,celtic seas,fish
707542,ardenna grisea,celtic seas,birds
154721,balistes capriscus,celtic seas,fish
126394,beryx decadactylus,celtic seas,fish
126395,beryx splendens,celtic seas,fish
137205,caretta caretta,celtic seas,turtles
105899,centrophorus granulosus,celtic seas,fish
105901,centrophorus squamosus,celtic seas,fish
105907,centroscymnus coelolepis,celtic seas,fish
712407,chimaera opalescens,celtic seas,fish
465358,chroicocephalus ridibundus,celtic seas,birds
158960,coryphaenoides rupestris,celtic seas,fish
105910,dalatias licha,celtic seas,fish
137209,dermochelys coriacea,celtic seas,turtles
105869,dipturus batis,celtic seas,fish
105922,echinorhinus brucus,celtic seas,fish
137079,erignathus barbatus,celtic seas,mammals
159023,eubalaena glacialis,celtic seas,mammals
105820,galeorhinus galeus,celtic seas,fish
1704278,gulosus aristotelis,celtic seas,birds
105828,harriotta haeckeli,celtic seas,fish
105829,harriotta raleighana,celtic seas,fish
105832,heptranchias perlo,celtic seas,fish
126402,hoplostethus atlanticus,celtic seas,fish
105825,hydrolagus affinis,celtic seas,fish
105827,hydrolagus pallidus,celtic seas,fish
105839,isurus oxyrinchus,celtic seas,fish
105841,lamna nasus,celtic seas,fish
105873,leucoraja circularis,celtic seas,fish
105874,leucoraja fullonica,celtic seas,fish
126472,macrourus berglax,celtic seas,fish
137077,odobenus rosmarus,celtic seas,mammals
105914,oxynotus centrina,celtic seas,fish
127059,pagellus bogaraveo,celtic seas,fish
105896,rostroraja alba,celtic seas,fish
151324,sebastes norvegicus,celtic seas,fish
126482,trachyrincus scabrus,celtic seas,fish
127012,umbrina cirrosa,celtic seas,fish
105836,alopias vulpinus,faroes,fish
126752,ammodytes tobianus,faroes,fish
707542,ardenna grisea,faroes,birds
126394,beryx decadactylus,faroes,fish
126395,beryx splendens,faroes,fish
105901,centrophorus squamosus,faroes,fish
105907,centroscymnus coelolepis,faroes,fish
712407,chimaera opalescens,faroes,fish
465358,chroicocephalus ridibundus,faroes,birds
158960,coryphaenoides rupestris,faroes,fish
105820,galeorhinus galeus,faroes,fish
1704278,gulosus aristotelis,faroes,birds
105829,harriotta raleighana,faroes,fish
126402,hoplostethus atlanticus,faroes,fish
105825,hydrolagus affinis,faroes,fish
105841,lamna nasus,faroes,fish
126472,macrourus berglax,faroes,fish
105915,oxynotus paradoxus,faroes,fish
126501,phycis blennoides,faroes,fish
127254,sebastes mentella,faroes,fish
105923,squalus acanthias,faroes,fish
151802,acipenser oxyrinchus,greater north sea,fish
105836,alopias vulpinus,greater north sea,fish
126752,ammodytes tobianus,greater north sea,fish
707542,ardenna grisea,greater north sea,birds
105901,centrophorus squamosus,greater north sea,fish
105907,centroscymnus coelolepis,greater north sea,fish
465358,chroicocephalus ridibundus,greater north sea,birds
137078,cystophora cristata,greater north sea,mammals
105910,dalatias licha,greater north sea,fish
137209,dermochelys coriacea,greater north sea,turtles
105869,dipturus batis,greater north sea,fish
137079,erignathus barbatus,greater north sea,mammals
105820,galeorhinus galeus,greater north sea,fish
137185,gavia adamsii,greater north sea,birds
1704278,gulosus aristotelis,greater north sea,birds
105841,lamna nasus,greater north sea,fish
137077,odobenus rosmarus,greater north sea,mammals
105914,oxynotus centrina,greater north sea,fish
159019,pagophilus groenlandicus,greater north sea,mammals
445503,puffinus mauretanicus,greater north sea,birds
159021,pusa hispida,greater north sea,mammals
105896,rostroraja alba,greater north sea,fish
137171,stercorarius longicaudus,greater north sea,birds
137173,stercorarius pomarinus,greater north sea,birds
137167,xema sabini,greater north sea,birds
707542,ardenna grisea,greenland sea,birds
105907,centroscymnus coelolepis,greenland sea,fish
158960,coryphaenoides rupestris,greenland sea,fish
137115,delphinapterus leucas,greenland sea,mammals
105869,dipturus batis,greenland sea,fish
105871,dipturus nidarosiensis,greenland sea,fish
127137,hippoglossoides platessoides,greenland sea,fish
126402,hoplostethus atlanticus,greenland sea,fish
105825,hydrolagus affinis,greenland sea,fish
105827,hydrolagus pallidus,greenland sea,fish
105841,lamna nasus,greenland sea,fish
126472,macrourus berglax,greenland sea,fish
105923,squalus acanthias,greenland sea,fish
126682,alepocephalus bairdii,icelandic waters,fish
126752,ammodytes tobianus,icelandic waters,fish
707542,ardenna grisea,icelandic waters,birds
126394,beryx decadactylus,icelandic waters,fish
105901,centrophorus squamosus,icelandic waters,fish
105907,centroscymnus coelolepis,icelandic waters,fish
465358,chroicocephalus ridibundus,icelandic waters,birds
158960,coryphaenoides rupestris,icelandic waters,fish
137115,delphinapterus leucas,icelandic waters,mammals
105820,galeorhinus galeus,icelandic waters,fish
137098,grampus griseus,icelandic waters,mammals
1704278,gulosus aristotelis,icelandic waters,birds
105829,harriotta raleighana,icelandic waters,fish
127138,hippoglossus hippoglossus,icelandic waters,fish
126402,hoplostethus atlanticus,icelandic waters,fish
105825,hydrolagus affinis,icelandic waters,fish
105827,hydrolagus pallidus,icelandic waters,fish
105841,lamna nasus,icelandic waters,fish
105873,leucoraja circularis,icelandic waters,fish
126472,macrourus berglax,icelandic waters,fish
137121,mesoplodon bidens,icelandic waters,mammals
137116,monodon monoceros,icelandic waters,mammals
137077,odobenus rosmarus,icelandic waters,mammals
126501,phycis blennoides,icelandic waters,fish
127149,scophthalmus maximus,icelandic waters,fish
105923,squalus acanthias,icelandic waters,fish
137107,stenella coeruleoalba,icelandic waters,mammals
137127,ziphius cavirostris,icelandic waters,mammals
126682,alepocephalus bairdii,norwegian sea,fish
126752,ammodytes tobianus,norwegian sea,fish
707542,ardenna grisea,norwegian sea,birds
105901,centrophorus squamosus,norwegian sea,fish
105907,centroscymnus coelolepis,norwegian sea,fish
465358,chroicocephalus ridibundus,norwegian sea,birds
158960,coryphaenoides rupestris,norwegian sea,fish
298167,deania calceus,norwegian sea,fish
105869,dipturus batis,norwegian sea,fish
711846,dipturus intermedius,norwegian sea,fish
105820,galeorhinus galeus,norwegian sea,fish
1704278,gulosus aristotelis,norwegian sea,birds
126402,hoplostethus atlanticus,norwegian sea,fish
105841,lamna nasus,norwegian sea,fish
126501,phycis blennoides,norwegian sea,fish
127149,scophthalmus maximus,norwegian sea,fish
105923,squalus acanthias,norwegian sea,fish
105835,alopias superciliosus,oceanic northeast atlantic,fish
105836,alopias vulpinus,oceanic northeast atlantic,fish
707542,ardenna grisea,oceanic northeast atlantic,birds
126394,beryx decadactylus,oceanic northeast atlantic,fish
126395,beryx splendens,oceanic northeast atlantic,fish
137205,caretta caretta,oceanic northeast atlantic,turtles
105901,centrophorus squamosus,oceanic northeast atlantic,fish
105907,centroscymnus coelolepis,oceanic northeast atlantic,fish
137206,chelonia mydas,oceanic northeast atlantic,turtles
712407,chimaera opalescens,oceanic northeast atlantic,fish
158960,coryphaenoides rupestris,oceanic northeast atlantic,fish
105910,dalatias licha,oceanic northeast atlantic,fish
137209,dermochelys coriacea,oceanic northeast atlantic,turtles
105820,galeorhinus galeus,oceanic northeast atlantic,fish
105828,harriotta haeckeli,oceanic northeast atlantic,fish
105829,harriotta raleighana,oceanic northeast atlantic,fish
105832,heptranchias perlo,oceanic northeast atlantic,fish
126402,hoplostethus atlanticus,oceanic northeast atlantic,fish
105825,hydrolagus affinis,oceanic northeast atlantic,fish
271410,hydrolagus lustanicus,oceanic northeast atlantic,fish
105827,hydrolagus pallidus,oceanic northeast atlantic,fish
105839,isurus oxyrinchus,oceanic northeast atlantic,fish
105841,lamna nasus,oceanic northeast atlantic,fish
126472,macrourus berglax,oceanic northeast atlantic,fish
126459,molva dypterygia,oceanic northeast atlantic,fish
105914,oxynotus centrina,oceanic northeast atlantic,fish
127059,pagellus bogaraveo,oceanic northeast atlantic,fish
127254,sebastes mentella,oceanic northeast atlantic,fish
151324,sebastes norvegicus,oceanic northeast atlantic,fish
422607,stercorarius maccormicki,oceanic northeast atlantic,birds
126482,trachyrincus scabrus,oceanic northeast atlantic,fish
105837,cetorhinus maximus,black sea,fish
105838,carcharodon carcharias,black sea,fish
105843,carcharias taurus,black sea,fish
105844,odontaspis ferox,black sea,fish
105869,dipturus batis,black sea,fish
105875,leucoraja melitensis,black sea,fish
105898,rhinobatos rhinobatos,black sea,fish
105926,squatina aculeata,black sea,fish
105927,squatina oculata,black sea,fish
126276,acipenser naccarii,black sea,fish
10295,anguilla anguilla,adriatic sea,fish
10295,anguilla anguilla,aegean-levantine sea,fish
10295,anguilla anguilla,black sea,fish
10295,anguilla anguilla,ionian sea and the central mediterranean sea,fish
10295,anguilla anguilla,western mediterranean sea,fish
711846,dipturus intermedius,black sea,fish
1016062,glaucostegus cemiculus,black sea,fish
